Estacion,Date,CO8m,NO2m,O3m,PM10_12,PM25_12,SO2_1,estatus
centro,2025-11-17 17:00:00,,8.0,89.0,43.0,,5.0,incompleto
centro,2025-11-17 20:00:00,,11.0,51.0,31.0,,4.0,incompleto
centro,2025-11-18 10:00:00,,24.0,17.0,45.0,,5.0,incompleto
centro,2025-11-18 16:00:00,0.31,22.0,80.0,61.0,,9.0,incompleto
centro,2025-11-18 17:00:00,0.336,22.0,99.0,55.0,,6.0,incompleto
centro,2025-11-18 20:00:00,,12.0,63.0,48.0,14.0,3.0,incompleto
centro,2025-11-19 10:00:00,,24.0,7.0,40.0,16.0,4.0,incompleto
centro,2025-11-19 13:00:00,,27.0,25.0,54.0,19.0,6.0,incompleto
centro,2025-11-19 14:00:00,0.312,24.0,44.0,55.0,19.0,6.0,completo
centro,2025-11-19 20:00:00,0.14,11.0,26.0,34.0,13.0,3.0,completo
centro,2025-11-20 13:00:00,,13.0,34.0,30.0,11.0,3.0,incompleto
centro,2025-11-20 20:00:00,,23.0,17.0,31.0,11.0,2.0,incompleto
centro,2025-11-21 06:00:00,0.905,24.0,5.0,32.0,,2.0,incompleto
centro,2025-11-21 11:00:00,1.121,41.0,18.0,52.0,,5.0,incompleto
centro,2025-11-21 13:00:00,0.919,17.0,60.0,58.0,,5.0,incompleto
centro,2025-11-21 14:00:00,0.814,13.0,65.0,51.0,,4.0,incompleto
centro,2025-11-21 15:00:00,0.817,10.0,58.0,49.0,,4.0,incompleto
centro,2025-11-21 16:00:00,0.763,13.0,68.0,41.0,,4.0,incompleto
centro,2025-11-21 17:00:00,,12.0,48.0,41.0,,3.0,incompleto
centro,2025-11-21 20:00:00,,14.0,26.0,35.0,11.0,4.0,incompleto
centro,2025-11-21 21:00:00,,11.0,26.0,31.0,10.0,4.0,incompleto
centro,2025-11-22 06:00:00,,11.0,28.0,29.0,10.0,3.0,incompleto
centro,2025-11-22 07:00:00,,18.0,17.0,28.0,10.0,3.0,incompleto
centro,2025-11-22 08:00:00,,24.0,9.0,29.0,10.0,4.0,incompleto
centro,2025-11-22 09:00:00,,24.0,10.0,29.0,10.0,6.0,incompleto
centro,2025-11-22 10:00:00,,20.0,15.0,29.0,10.0,4.0,incompleto
centro,2025-11-22 11:00:00,,27.0,9.0,32.0,11.0,8.0,incompleto
centro,2025-11-22 12:00:00,,23.0,14.0,38.0,11.0,9.0,incompleto
centro,2025-11-22 13:00:00,,28.0,14.0,42.0,12.0,15.0,incompleto
centro,2025-11-22 14:00:00,,21.0,26.0,44.0,13.0,10.0,incompleto
centro,2025-11-22 15:00:00,,14.0,33.0,43.0,14.0,8.0,incompleto
centro,2025-11-22 16:00:00,,14.0,29.0,41.0,14.0,5.0,incompleto
centro,2025-11-22 17:00:00,,9.0,31.0,40.0,13.0,4.0,incompleto
centro,2025-11-22 20:00:00,,17.0,19.0,33.0,13.0,3.0,incompleto
centro,2025-11-22 21:00:00,,14.0,21.0,32.0,13.0,3.0,incompleto
centro,2025-11-23 06:00:00,,5.0,15.0,27.0,10.0,2.0,incompleto
centro,2025-11-23 07:00:00,,7.0,13.0,26.0,10.0,2.0,incompleto
centro,2025-11-23 08:00:00,,9.0,11.0,25.0,10.0,2.0,incompleto
centro,2025-11-23 09:00:00,,10.0,11.0,24.0,10.0,2.0,incompleto
centro,2025-11-23 10:00:00,,10.0,14.0,24.0,10.0,2.0,incompleto
centro,2025-11-23 11:00:00,,9.0,21.0,24.0,10.0,2.0,incompleto
centro,2025-11-23 12:00:00,,6.0,28.0,24.0,10.0,2.0,incompleto
centro,2025-11-23 13:00:00,,6.0,29.0,23.0,10.0,2.0,incompleto
centro,2025-11-23 14:00:00,,4.0,32.0,23.0,10.0,2.0,incompleto
centro,2025-11-23 15:00:00,,4.0,35.0,22.0,9.0,2.0,incompleto
centro,2025-11-23 16:00:00,,4.0,34.0,23.0,9.0,2.0,incompleto
centro,2025-11-23 17:00:00,,4.0,33.0,23.0,9.0,2.0,incompleto
centro,2025-11-23 20:00:00,,7.0,23.0,23.0,9.0,2.0,incompleto
centro,2025-11-23 21:00:00,,5.0,23.0,22.0,7.0,2.0,incompleto
centro,2025-11-24 06:00:00,,14.0,6.0,20.0,6.0,3.0,incompleto
centro,2025-11-24 07:00:00,,16.0,5.0,21.0,8.0,3.0,incompleto
centro,2025-11-24 08:00:00,,15.0,5.0,25.0,9.0,3.0,incompleto
centro,2025-11-24 09:00:00,,17.0,6.0,31.0,10.0,3.0,incompleto
centro,2025-11-24 10:00:00,,18.0,11.0,35.0,11.0,3.0,incompleto
centro,2025-11-24 11:00:00,,24.0,15.0,36.0,11.0,3.0,incompleto
centro,2025-11-24 12:00:00,,35.0,19.0,38.0,13.0,5.0,incompleto
centro,2025-11-24 13:00:00,0.223,32.0,34.0,42.0,13.0,6.0,completo
centro,2025-11-24 14:00:00,0.223,26.0,53.0,45.0,13.0,6.0,completo
centro,2025-11-24 15:00:00,0.223,17.0,61.0,47.0,12.0,6.0,completo
centro,2025-11-24 16:00:00,,14.0,64.0,44.0,11.0,5.0,incompleto
centro,2025-11-24 17:00:00,,18.0,70.0,40.0,12.0,4.0,incompleto
centro,2025-11-24 20:00:00,,18.0,20.0,35.0,9.0,4.0,incompleto
centro,2025-11-24 21:00:00,,24.0,8.0,31.0,9.0,5.0,incompleto
centro,2025-11-25 06:00:00,,20.0,12.0,22.0,7.0,5.0,incompleto
centro,2025-11-25 07:00:00,,17.0,16.0,24.0,7.0,5.0,incompleto
centro,2025-11-25 08:00:00,,18.0,16.0,23.0,7.0,5.0,incompleto
centro,2025-11-25 09:00:00,,20.0,15.0,23.0,7.0,4.0,incompleto
centro,2025-11-25 10:00:00,,16.0,22.0,25.0,7.0,5.0,incompleto
centro,2025-11-25 11:00:00,,11.0,29.0,27.0,7.0,4.0,incompleto
centro,2025-11-25 12:00:00,,10.0,37.0,25.0,7.0,4.0,incompleto
este,2025-11-17 17:00:00,,3.0,45.0,24.0,11.0,7.0,incompleto
este,2025-11-17 20:00:00,,5.0,29.0,21.0,12.0,5.0,incompleto
este,2025-11-18 10:00:00,,8.0,20.0,24.0,19.0,5.0,incompleto
este,2025-11-18 16:00:00,,8.0,80.0,46.0,26.0,25.0,incompleto
este,2025-11-18 17:00:00,,6.0,68.0,54.0,25.0,23.0,incompleto
este,2025-11-18 20:00:00,,21.0,11.0,48.0,23.0,5.0,incompleto
este,2025-11-19 10:00:00,,5.0,20.0,38.0,26.0,5.0,incompleto
este,2025-11-19 13:00:00,,4.0,36.0,38.0,26.0,14.0,incompleto
este,2025-11-19 14:00:00,,4.0,36.0,46.0,27.0,12.0,incompleto
este,2025-11-19 20:00:00,,23.0,9.0,63.0,29.0,6.0,incompleto
este,2025-11-20 13:00:00,,3.0,33.0,25.0,19.0,9.0,incompleto
este,2025-11-20 20:00:00,,17.0,10.0,37.0,19.0,6.0,incompleto
este,2025-11-21 06:00:00,,7.0,7.0,16.0,10.0,5.0,incompleto
este,2025-11-21 11:00:00,,10.0,27.0,40.0,22.0,8.0,incompleto
este,2025-11-21 13:00:00,,6.0,58.0,38.0,20.0,7.0,incompleto
este,2025-11-21 14:00:00,,4.0,54.0,40.0,18.0,6.0,incompleto
este,2025-11-21 15:00:00,,3.0,42.0,38.0,17.0,6.0,incompleto
este,2025-11-21 16:00:00,,3.0,39.0,36.0,16.0,5.0,incompleto
este,2025-11-21 17:00:00,,5.0,40.0,32.0,15.0,5.0,incompleto
este,2025-11-21 20:00:00,,10.0,20.0,35.0,17.0,5.0,incompleto
este,2025-11-21 21:00:00,,18.0,9.0,38.0,19.0,5.0,incompleto
este,2025-11-22 06:00:00,,10.0,7.0,35.0,19.0,4.0,incompleto
este,2025-11-22 07:00:00,,10.0,7.0,30.0,19.0,4.0,incompleto
este,2025-11-22 08:00:00,,13.0,8.0,30.0,20.0,5.0,incompleto
este,2025-11-22 09:00:00,,13.0,13.0,36.0,21.0,4.0,incompleto
este,2025-11-22 10:00:00,,10.0,19.0,44.0,20.0,4.0,incompleto
este,2025-11-22 11:00:00,,10.0,24.0,44.0,20.0,5.0,incompleto
este,2025-11-22 12:00:00,,13.0,26.0,41.0,20.0,5.0,incompleto
este,2025-11-22 13:00:00,,11.0,38.0,37.0,19.0,6.0,incompleto
este,2025-11-22 14:00:00,,7.0,43.0,37.0,19.0,6.0,incompleto
este,2025-11-22 15:00:00,,6.0,45.0,36.0,19.0,6.0,incompleto
este,2025-11-22 16:00:00,,5.0,45.0,35.0,19.0,6.0,incompleto
este,2025-11-22 17:00:00,,5.0,42.0,33.0,19.0,5.0,incompleto
este,2025-11-22 20:00:00,,7.0,14.0,42.0,20.0,5.0,incompleto
este,2025-11-22 21:00:00,,9.0,14.0,44.0,21.0,4.0,incompleto
este,2025-11-23 06:00:00,,4.0,16.0,17.0,10.0,4.0,incompleto
este,2025-11-23 07:00:00,,4.0,16.0,17.0,9.0,4.0,incompleto
este,2025-11-23 08:00:00,,4.0,15.0,15.0,8.0,5.0,incompleto
este,2025-11-23 09:00:00,,4.0,15.0,13.0,8.0,5.0,incompleto
este,2025-11-23 10:00:00,,4.0,19.0,15.0,9.0,4.0,incompleto
este,2025-11-23 11:00:00,,3.0,22.0,15.0,10.0,4.0,incompleto
este,2025-11-23 12:00:00,,2.0,25.0,15.0,11.0,6.0,incompleto
este,2025-11-23 13:00:00,,2.0,27.0,16.0,12.0,7.0,incompleto
este,2025-11-23 14:00:00,,5.0,29.0,17.0,13.0,10.0,incompleto
este,2025-11-23 15:00:00,,4.0,31.0,20.0,13.0,11.0,incompleto
este,2025-11-23 16:00:00,,4.0,32.0,21.0,13.0,10.0,incompleto
este,2025-11-23 17:00:00,,4.0,31.0,22.0,13.0,8.0,incompleto
este,2025-11-23 20:00:00,,4.0,22.0,81.0,15.0,7.0,incompleto
este,2025-11-23 21:00:00,,4.0,20.0,53.0,11.0,8.0,incompleto
este,2025-11-24 06:00:00,,11.0,11.0,15.0,8.0,5.0,incompleto
este,2025-11-24 07:00:00,,11.0,10.0,15.0,9.0,5.0,incompleto
este,2025-11-24 08:00:00,,10.0,10.0,16.0,10.0,5.0,incompleto
este,2025-11-24 09:00:00,,8.0,16.0,19.0,11.0,5.0,incompleto
este,2025-11-24 10:00:00,,7.0,22.0,25.0,12.0,6.0,incompleto
este,2025-11-24 11:00:00,,6.0,28.0,27.0,13.0,6.0,incompleto
este,2025-11-24 12:00:00,,6.0,36.0,29.0,14.0,7.0,incompleto
este,2025-11-24 13:00:00,,5.0,44.0,29.0,15.0,9.0,incompleto
este,2025-11-24 14:00:00,,5.0,53.0,35.0,16.0,8.0,incompleto
este,2025-11-24 15:00:00,,4.0,44.0,37.0,15.0,7.0,incompleto
este,2025-11-24 16:00:00,,3.0,40.0,34.0,14.0,7.0,incompleto
este,2025-11-24 17:00:00,,4.0,33.0,31.0,13.0,8.0,incompleto
este,2025-11-24 20:00:00,,6.0,22.0,29.0,12.0,6.0,incompleto
este,2025-11-24 21:00:00,,10.0,14.0,30.0,12.0,4.0,incompleto
este,2025-11-25 06:00:00,,19.0,7.0,31.0,15.0,6.0,incompleto
este,2025-11-25 07:00:00,,22.0,10.0,33.0,15.0,6.0,incompleto
este,2025-11-25 08:00:00,,20.0,10.0,31.0,15.0,4.0,incompleto
este,2025-11-25 09:00:00,,20.0,12.0,34.0,17.0,5.0,incompleto
este,2025-11-25 10:00:00,,13.0,21.0,46.0,15.0,7.0,incompleto
este,2025-11-25 11:00:00,,7.0,29.0,41.0,13.0,7.0,incompleto
este,2025-11-25 12:00:00,,5.0,38.0,33.0,12.0,5.0,incompleto
noreste,2025-11-17 17:00:00,1.574,14.0,75.0,,,12.0,incompleto
noreste,2025-11-17 20:00:00,1.555,15.0,30.0,,,4.0,incompleto
noreste,2025-11-18 10:00:00,1.276,14.0,19.0,65.0,30.0,5.0,completo
noreste,2025-11-18 16:00:00,0.636,,3.0,71.0,33.0,2.0,incompleto
noreste,2025-11-18 17:00:00,0.491,,3.0,80.0,38.0,2.0,incompleto
noreste,2025-11-18 20:00:00,0.188,,4.0,82.0,37.0,2.0,incompleto
noreste,2025-11-19 10:00:00,0.188,,4.0,76.0,37.0,2.0,incompleto
noreste,2025-11-19 13:00:00,0.193,,,74.0,37.0,2.0,incompleto
noreste,2025-11-19 14:00:00,0.194,,,74.0,37.0,2.0,incompleto
noreste,2025-11-19 20:00:00,0.191,,,64.0,30.0,2.0,incompleto
noreste,2025-11-20 13:00:00,0.193,,,52.0,24.0,2.0,incompleto
noreste,2025-11-20 20:00:00,1.77,33.0,7.0,62.0,26.0,4.0,completo
noreste,2025-11-21 06:00:00,2.035,17.0,4.0,58.0,22.0,4.0,completo
noreste,2025-11-21 11:00:00,1.886,19.0,32.0,91.0,33.0,5.0,completo
noreste,2025-11-21 13:00:00,1.888,11.0,61.0,86.0,27.0,5.0,completo
noreste,2025-11-21 14:00:00,1.855,10.0,52.0,71.0,22.0,5.0,completo
noreste,2025-11-21 15:00:00,1.823,11.0,54.0,67.0,23.0,5.0,completo
noreste,2025-11-21 16:00:00,1.774,12.0,45.0,67.0,23.0,5.0,completo
noreste,2025-11-21 17:00:00,1.711,10.0,34.0,64.0,23.0,5.0,completo
noreste,2025-11-21 20:00:00,1.715,22.0,11.0,62.0,23.0,4.0,completo
noreste,2025-11-21 21:00:00,1.777,26.0,5.0,70.0,25.0,4.0,completo
noreste,2025-11-22 06:00:00,1.69,10.0,23.0,53.0,21.0,4.0,completo
noreste,2025-11-22 07:00:00,1.641,15.0,16.0,52.0,20.0,4.0,completo
noreste,2025-11-22 08:00:00,1.596,14.0,17.0,48.0,20.0,4.0,completo
noreste,2025-11-22 09:00:00,1.582,16.0,14.0,52.0,21.0,4.0,completo
noreste,2025-11-22 10:00:00,1.584,14.0,18.0,59.0,21.0,4.0,completo
noreste,2025-11-22 11:00:00,1.604,15.0,17.0,65.0,21.0,5.0,completo
noreste,2025-11-22 12:00:00,1.615,12.0,23.0,65.0,21.0,7.0,completo
noreste,2025-11-22 13:00:00,1.631,12.0,31.0,66.0,22.0,8.0,completo
noreste,2025-11-22 14:00:00,1.665,16.0,33.0,67.0,25.0,6.0,completo
noreste,2025-11-22 15:00:00,1.684,11.0,36.0,68.0,28.0,6.0,completo
noreste,2025-11-22 16:00:00,1.715,15.0,34.0,71.0,32.0,6.0,completo
noreste,2025-11-22 17:00:00,1.756,16.0,26.0,75.0,32.0,6.0,completo
noreste,2025-11-22 20:00:00,1.937,25.0,8.0,82.0,40.0,5.0,completo
noreste,2025-11-22 21:00:00,2.029,24.0,10.0,90.0,51.0,5.0,completo
noreste,2025-11-23 06:00:00,1.627,5.0,12.0,39.0,15.0,4.0,completo
noreste,2025-11-23 07:00:00,1.581,7.0,10.0,39.0,15.0,4.0,completo
noreste,2025-11-23 08:00:00,1.557,7.0,10.0,40.0,16.0,4.0,completo
noreste,2025-11-23 09:00:00,1.549,7.0,10.0,48.0,17.0,4.0,completo
noreste,2025-11-23 10:00:00,1.552,7.0,13.0,47.0,18.0,4.0,completo
noreste,2025-11-23 11:00:00,1.558,6.0,18.0,44.0,18.0,4.0,completo
noreste,2025-11-23 12:00:00,1.569,6.0,25.0,47.0,18.0,4.0,completo
noreste,2025-11-23 13:00:00,1.579,5.0,29.0,47.0,20.0,4.0,completo
noreste,2025-11-23 14:00:00,1.594,6.0,29.0,50.0,20.0,4.0,completo
noreste,2025-11-23 15:00:00,1.598,4.0,31.0,47.0,20.0,4.0,completo
noreste,2025-11-23 16:00:00,1.606,5.0,30.0,45.0,20.0,4.0,completo
noreste,2025-11-23 17:00:00,1.62,7.0,28.0,53.0,20.0,4.0,completo
noreste,2025-11-23 20:00:00,1.734,13.0,13.0,68.0,29.0,4.0,completo
noreste,2025-11-23 21:00:00,1.763,10.0,15.0,64.0,26.0,4.0,completo
noreste,2025-11-24 06:00:00,1.526,7.0,11.0,36.0,11.0,4.0,completo
noreste,2025-11-24 07:00:00,1.52,12.0,6.0,42.0,11.0,4.0,completo
noreste,2025-11-24 08:00:00,1.541,13.0,5.0,48.0,12.0,4.0,completo
noreste,2025-11-24 09:00:00,1.566,11.0,10.0,52.0,13.0,4.0,completo
noreste,2025-11-24 10:00:00,1.593,11.0,16.0,49.0,15.0,4.0,completo
noreste,2025-11-24 11:00:00,1.623,12.0,24.0,48.0,17.0,4.0,completo
noreste,2025-11-24 12:00:00,1.65,13.0,31.0,57.0,19.0,4.0,completo
noreste,2025-11-24 13:00:00,1.679,14.0,43.0,64.0,20.0,5.0,completo
noreste,2025-11-24 14:00:00,1.704,14.0,55.0,67.0,22.0,5.0,completo
noreste,2025-11-24 15:00:00,1.709,10.0,56.0,67.0,21.0,6.0,completo
noreste,2025-11-24 16:00:00,1.691,11.0,55.0,61.0,21.0,6.0,completo
noreste,2025-11-24 17:00:00,1.673,10.0,40.0,60.0,20.0,6.0,completo
noreste,2025-11-24 20:00:00,1.683,17.0,13.0,60.0,17.0,5.0,completo
noreste,2025-11-24 21:00:00,1.709,23.0,6.0,64.0,19.0,4.0,completo
noreste,2025-11-25 06:00:00,1.542,13.0,15.0,42.0,14.0,5.0,completo
noreste,2025-11-25 07:00:00,1.53,12.0,19.0,45.0,13.0,5.0,completo
noreste,2025-11-25 08:00:00,1.541,17.0,14.0,48.0,13.0,4.0,completo
noreste,2025-11-25 09:00:00,1.569,19.0,12.0,58.0,14.0,4.0,completo
noreste,2025-11-25 10:00:00,1.586,15.0,18.0,65.0,14.0,4.0,completo
noreste,2025-11-25 11:00:00,1.59,8.0,30.0,63.0,14.0,4.0,completo
noreste,2025-11-25 12:00:00,1.59,5.0,39.0,55.0,14.0,4.0,completo
noreste2,2025-11-17 17:00:00,0.592,36.0,25.0,,,19.0,incompleto
noreste2,2025-11-17 20:00:00,0.571,26.0,23.0,,,4.0,incompleto
noreste2,2025-11-18 10:00:00,0.191,20.0,14.0,,,6.0,incompleto
noreste2,2025-11-18 16:00:00,0.455,30.0,53.0,,,4.0,incompleto
noreste2,2025-11-18 17:00:00,0.511,43.0,55.0,51.0,,29.0,incompleto
noreste2,2025-11-18 20:00:00,0.674,30.0,6.0,60.0,,5.0,incompleto
noreste2,2025-11-19 10:00:00,0.243,17.0,7.0,43.0,,4.0,incompleto
noreste2,2025-11-19 13:00:00,0.38,26.0,27.0,44.0,,3.0,incompleto
noreste2,2025-11-19 14:00:00,0.426,27.0,37.0,43.0,,3.0,incompleto
noreste2,2025-11-19 20:00:00,0.657,31.0,3.0,56.0,,3.0,incompleto
noreste2,2025-11-20 13:00:00,0.356,26.0,20.0,37.0,,4.0,incompleto
noreste2,2025-11-20 20:00:00,0.674,31.0,4.0,62.0,,3.0,incompleto
noreste2,2025-11-21 06:00:00,0.234,11.0,2.0,28.0,,3.0,incompleto
noreste2,2025-11-21 11:00:00,0.219,21.0,30.0,52.0,,3.0,incompleto
noreste2,2025-11-21 13:00:00,0.3,17.0,55.0,48.0,,4.0,incompleto
noreste2,2025-11-21 14:00:00,0.349,16.0,48.0,50.0,,3.0,incompleto
noreste2,2025-11-21 15:00:00,0.412,26.0,37.0,43.0,,3.0,incompleto
noreste2,2025-11-21 16:00:00,0.462,36.0,20.0,43.0,,3.0,incompleto
noreste2,2025-11-21 17:00:00,0.51,37.0,14.0,42.0,,3.0,incompleto
noreste2,2025-11-21 20:00:00,0.636,31.0,4.0,43.0,,3.0,incompleto
noreste2,2025-11-21 21:00:00,0.648,30.0,4.0,46.0,,3.0,incompleto
noreste2,2025-11-22 06:00:00,0.201,14.0,17.0,29.0,,3.0,incompleto
noreste2,2025-11-22 07:00:00,0.145,18.0,11.0,27.0,,2.0,incompleto
noreste2,2025-11-22 08:00:00,0.113,19.0,13.0,30.0,,2.0,incompleto
noreste2,2025-11-22 09:00:00,0.121,20.0,14.0,30.0,,2.0,incompleto
noreste2,2025-11-22 10:00:00,0.14,19.0,17.0,32.0,,2.0,incompleto
noreste2,2025-11-22 11:00:00,0.15,16.0,21.0,34.0,,2.0,incompleto
noreste2,2025-11-22 12:00:00,0.181,15.0,23.0,34.0,,2.0,incompleto
noreste2,2025-11-22 13:00:00,0.226,20.0,27.0,34.0,,2.0,incompleto
noreste2,2025-11-22 14:00:00,0.288,27.0,26.0,37.0,,3.0,incompleto
noreste2,2025-11-22 15:00:00,0.335,31.0,25.0,40.0,,3.0,incompleto
noreste2,2025-11-22 16:00:00,0.385,31.0,19.0,41.0,,3.0,incompleto
noreste2,2025-11-22 17:00:00,0.418,29.0,23.0,42.0,,4.0,incompleto
noreste2,2025-11-22 20:00:00,0.661,30.0,5.0,57.0,,5.0,incompleto
noreste2,2025-11-22 21:00:00,0.681,29.0,6.0,56.0,,4.0,incompleto
noreste2,2025-11-23 06:00:00,,11.0,8.0,19.0,,2.0,incompleto
noreste2,2025-11-23 07:00:00,,12.0,5.0,20.0,,2.0,incompleto
noreste2,2025-11-23 08:00:00,,12.0,5.0,20.0,,3.0,incompleto
noreste2,2025-11-23 09:00:00,,11.0,6.0,21.0,,3.0,incompleto
noreste2,2025-11-23 10:00:00,,12.0,8.0,21.0,,5.0,incompleto
noreste2,2025-11-23 11:00:00,0.235,14.0,12.0,22.0,,4.0,incompleto
noreste2,2025-11-23 12:00:00,0.27,15.0,15.0,22.0,,4.0,incompleto
noreste2,2025-11-23 13:00:00,0.271,17.0,20.0,23.0,,3.0,incompleto
noreste2,2025-11-23 14:00:00,0.281,18.0,23.0,25.0,,3.0,incompleto
noreste2,2025-11-23 15:00:00,0.315,15.0,24.0,25.0,,2.0,incompleto
noreste2,2025-11-23 16:00:00,0.331,15.0,24.0,26.0,,2.0,incompleto
noreste2,2025-11-23 17:00:00,0.339,15.0,24.0,26.0,,2.0,incompleto
noreste2,2025-11-23 20:00:00,0.365,22.0,11.0,37.0,,3.0,incompleto
noreste2,2025-11-23 21:00:00,0.365,19.0,9.0,34.0,,2.0,incompleto
noreste2,2025-11-24 06:00:00,0.115,11.0,5.0,19.0,,3.0,incompleto
noreste2,2025-11-24 07:00:00,0.113,15.0,4.0,21.0,,3.0,incompleto
noreste2,2025-11-24 08:00:00,0.112,15.0,5.0,19.0,,3.0,incompleto
noreste2,2025-11-24 09:00:00,0.137,14.0,9.0,21.0,,3.0,incompleto
noreste2,2025-11-24 10:00:00,0.153,14.0,16.0,21.0,,3.0,incompleto
noreste2,2025-11-24 11:00:00,0.17,14.0,22.0,23.0,,3.0,incompleto
noreste2,2025-11-24 12:00:00,0.196,17.0,28.0,24.0,,4.0,incompleto
noreste2,2025-11-24 13:00:00,0.239,19.0,41.0,28.0,,5.0,incompleto
noreste2,2025-11-24 14:00:00,0.294,21.0,43.0,30.0,,5.0,incompleto
noreste2,2025-11-24 15:00:00,0.354,26.0,42.0,35.0,,4.0,incompleto
noreste2,2025-11-24 16:00:00,0.409,37.0,29.0,35.0,,4.0,incompleto
noreste2,2025-11-24 17:00:00,0.458,33.0,20.0,39.0,,4.0,incompleto
noreste2,2025-11-24 20:00:00,0.571,26.0,6.0,36.0,,3.0,incompleto
noreste2,2025-11-24 21:00:00,0.579,22.0,3.0,34.0,,3.0,incompleto
noreste2,2025-11-25 06:00:00,0.209,19.0,3.0,28.0,,8.0,incompleto
noreste2,2025-11-25 07:00:00,0.185,22.0,8.0,26.0,,10.0,incompleto
noreste2,2025-11-25 08:00:00,0.181,23.0,6.0,25.0,,5.0,incompleto
noreste2,2025-11-25 09:00:00,0.214,24.0,10.0,29.0,,7.0,incompleto
noreste2,2025-11-25 10:00:00,0.224,23.0,18.0,41.0,,4.0,incompleto
noreste2,2025-11-25 11:00:00,0.231,17.0,28.0,39.0,,5.0,incompleto
noreste2,2025-11-25 12:00:00,0.262,15.0,34.0,32.0,,4.0,incompleto
noroeste,2025-11-17 17:00:00,6.936,15.0,90.0,32.0,,8.0,incompleto
noroeste,2025-11-17 20:00:00,7.06,13.0,32.0,21.0,,2.0,incompleto
noroeste,2025-11-18 10:00:00,7.579,17.0,11.0,45.0,,2.0,incompleto
noroeste,2025-11-18 16:00:00,7.781,14.0,68.0,42.0,,3.0,incompleto
noroeste,2025-11-18 17:00:00,7.814,13.0,65.0,37.0,,2.0,incompleto
noroeste,2025-11-18 20:00:00,7.905,20.0,47.0,37.0,,3.0,incompleto
noroeste,2025-11-19 10:00:00,8.293,19.0,9.0,32.0,,1.0,incompleto
noroeste,2025-11-19 13:00:00,8.37,17.0,29.0,39.0,,1.0,incompleto
noroeste,2025-11-19 14:00:00,8.396,13.0,43.0,38.0,,1.0,incompleto
noroeste,2025-11-19 20:00:00,8.554,19.0,10.0,26.0,,1.0,incompleto
noroeste,2025-11-20 13:00:00,8.909,12.0,36.0,20.0,,1.0,incompleto
noroeste,2025-11-20 20:00:00,9.002,25.0,8.0,30.0,,1.0,incompleto
noroeste,2025-11-21 06:00:00,9.109,23.0,,45.0,,2.0,incompleto
noroeste,2025-11-21 11:00:00,9.169,19.0,26.0,41.0,,3.0,incompleto
noroeste,2025-11-21 13:00:00,9.188,20.0,59.0,44.0,,2.0,incompleto
noroeste,2025-11-21 14:00:00,9.197,19.0,59.0,37.0,,1.0,incompleto
noroeste,2025-11-21 15:00:00,9.206,14.0,56.0,29.0,,1.0,incompleto
noroeste,2025-11-21 16:00:00,9.215,16.0,55.0,29.0,,2.0,incompleto
noroeste,2025-11-21 17:00:00,9.224,17.0,46.0,29.0,,2.0,incompleto
noroeste,2025-11-21 20:00:00,9.25,19.0,19.0,25.0,,1.0,incompleto
noroeste,2025-11-21 21:00:00,1.73,10.0,24.0,36.0,11.0,5.0,completo
noroeste,2025-11-22 06:00:00,9.311,18.0,30.0,17.0,,1.0,incompleto
noroeste,2025-11-22 07:00:00,9.315,23.0,28.0,17.0,,,incompleto
noroeste,2025-11-22 08:00:00,9.319,15.0,14.0,16.0,,1.0,incompleto
noroeste,2025-11-22 09:00:00,9.322,16.0,10.0,17.0,,1.0,incompleto
noroeste,2025-11-22 10:00:00,9.325,25.0,11.0,18.0,,1.0,incompleto
noroeste,2025-11-22 11:00:00,9.326,20.0,23.0,19.0,,1.0,incompleto
noroeste,2025-11-22 12:00:00,9.327,17.0,24.0,26.0,,1.0,incompleto
noroeste,2025-11-22 13:00:00,9.33,18.0,26.0,28.0,,1.0,incompleto
noroeste,2025-11-22 14:00:00,9.332,22.0,28.0,31.0,,1.0,incompleto
noroeste,2025-11-22 15:00:00,9.334,21.0,33.0,27.0,,1.0,incompleto
noroeste,2025-11-22 16:00:00,9.336,22.0,34.0,24.0,,3.0,incompleto
noroeste,2025-11-22 17:00:00,9.339,19.0,30.0,25.0,,3.0,incompleto
noroeste,2025-11-22 20:00:00,9.345,25.0,8.0,27.0,,2.0,incompleto
noroeste,2025-11-22 21:00:00,9.346,21.0,17.0,29.0,,2.0,incompleto
noroeste,2025-11-23 06:00:00,9.366,16.0,16.0,12.0,,1.0,incompleto
noroeste,2025-11-23 07:00:00,9.367,20.0,17.0,11.0,,1.0,incompleto
noroeste,2025-11-23 08:00:00,9.369,20.0,16.0,10.0,,1.0,incompleto
noroeste,2025-11-23 09:00:00,9.37,16.0,14.0,12.0,,1.0,incompleto
noroeste,2025-11-23 10:00:00,9.369,16.0,16.0,14.0,,1.0,incompleto
noroeste,2025-11-23 11:00:00,9.369,21.0,20.0,16.0,,1.0,incompleto
noroeste,2025-11-23 12:00:00,9.369,17.0,24.0,17.0,,1.0,incompleto
noroeste,2025-11-23 13:00:00,9.369,18.0,31.0,17.0,,1.0,incompleto
noroeste,2025-11-23 14:00:00,9.369,18.0,32.0,18.0,,1.0,incompleto
noroeste,2025-11-23 15:00:00,9.37,18.0,32.0,18.0,,1.0,incompleto
noroeste,2025-11-23 16:00:00,9.37,23.0,29.0,19.0,,1.0,incompleto
noroeste,2025-11-23 17:00:00,9.37,17.0,28.0,18.0,,1.0,incompleto
noroeste,2025-11-23 20:00:00,9.37,20.0,15.0,17.0,,1.0,incompleto
noroeste,2025-11-23 21:00:00,9.367,19.0,13.0,19.0,,1.0,incompleto
noroeste,2025-11-24 06:00:00,9.353,23.0,5.0,11.0,,1.0,incompleto
noroeste,2025-11-24 07:00:00,9.351,24.0,2.0,12.0,,4.0,incompleto
noroeste,2025-11-24 08:00:00,9.35,16.0,2.0,14.0,,4.0,incompleto
noroeste,2025-11-24 09:00:00,9.349,24.0,4.0,19.0,,2.0,incompleto
noroeste,2025-11-24 10:00:00,9.348,22.0,8.0,23.0,,2.0,incompleto
noroeste,2025-11-24 11:00:00,9.346,18.0,15.0,24.0,,2.0,incompleto
noroeste,2025-11-24 12:00:00,9.345,17.0,25.0,20.0,,2.0,incompleto
noroeste,2025-11-24 13:00:00,9.344,21.0,40.0,20.0,,2.0,incompleto
noroeste,2025-11-24 14:00:00,9.343,16.0,52.0,27.0,,2.0,incompleto
noroeste,2025-11-24 15:00:00,9.341,15.0,63.0,33.0,,3.0,incompleto
noroeste,2025-11-24 16:00:00,9.34,21.0,63.0,32.0,,2.0,incompleto
noroeste,2025-11-24 17:00:00,9.34,23.0,61.0,32.0,,3.0,incompleto
noroeste,2025-11-24 20:00:00,9.333,20.0,13.0,28.0,,2.0,incompleto
noroeste,2025-11-24 21:00:00,9.329,19.0,13.0,25.0,,1.0,incompleto
noroeste,2025-11-25 06:00:00,,21.0,19.0,15.0,,3.0,incompleto
noroeste,2025-11-25 07:00:00,,19.0,23.0,13.0,,2.0,incompleto
noroeste,2025-11-25 08:00:00,,23.0,25.0,13.0,,1.0,incompleto
noroeste,2025-11-25 09:00:00,,28.0,21.0,12.0,,1.0,incompleto
noroeste,2025-11-25 10:00:00,,19.0,27.0,14.0,,1.0,incompleto
noroeste,2025-11-25 11:00:00,,25.0,31.0,16.0,,1.0,incompleto
noroeste,2025-11-25 12:00:00,,20.0,39.0,17.0,,1.0,incompleto
noroeste2,2025-11-17 17:00:00,1.465,14.0,111.0,47.0,18.0,5.0,completo
noroeste2,2025-11-17 20:00:00,1.445,16.0,32.0,45.0,24.0,5.0,completo
noroeste2,2025-11-18 10:00:00,1.483,22.0,12.0,53.0,26.0,5.0,completo
noroeste2,2025-11-18 16:00:00,1.505,18.0,93.0,69.0,22.0,5.0,completo
noroeste2,2025-11-18 17:00:00,1.471,16.0,76.0,70.0,23.0,5.0,completo
noroeste2,2025-11-18 20:00:00,1.459,20.0,61.0,63.0,21.0,5.0,completo
noroeste2,2025-11-19 10:00:00,1.31,10.0,19.0,44.0,30.0,5.0,completo
noroeste2,2025-11-19 13:00:00,1.335,10.0,38.0,47.0,27.0,4.0,completo
noroeste2,2025-11-19 14:00:00,1.346,13.0,45.0,50.0,28.0,4.0,completo
noroeste2,2025-11-19 20:00:00,1.403,15.0,19.0,47.0,32.0,5.0,completo
noroeste2,2025-11-20 13:00:00,1.345,11.0,40.0,33.0,28.0,4.0,completo
noroeste2,2025-11-20 20:00:00,1.407,30.0,10.0,49.0,24.0,4.0,completo
noroeste2,2025-11-21 06:00:00,1.553,21.0,3.0,47.0,19.0,5.0,completo
noroeste2,2025-11-21 11:00:00,1.346,11.0,40.0,46.0,19.0,5.0,completo
noroeste2,2025-11-21 13:00:00,1.252,7.0,48.0,52.0,21.0,4.0,completo
noroeste2,2025-11-21 14:00:00,1.219,9.0,59.0,43.0,22.0,4.0,completo
noroeste2,2025-11-21 15:00:00,1.184,8.0,70.0,39.0,23.0,4.0,completo
noroeste2,2025-11-21 16:00:00,1.143,6.0,59.0,41.0,23.0,4.0,completo
noroeste2,2025-11-21 17:00:00,1.111,10.0,53.0,45.0,24.0,4.0,completo
noroeste2,2025-11-21 20:00:00,1.131,15.0,19.0,45.0,24.0,4.0,completo
noroeste2,2025-11-21 21:00:00,1.151,14.0,18.0,41.0,25.0,4.0,completo
noroeste2,2025-11-22 06:00:00,1.059,14.0,17.0,29.0,25.0,4.0,completo
noroeste2,2025-11-22 07:00:00,1.064,17.0,12.0,31.0,24.0,4.0,completo
noroeste2,2025-11-22 08:00:00,1.073,18.0,10.0,32.0,24.0,4.0,completo
noroeste2,2025-11-22 09:00:00,1.086,18.0,10.0,33.0,21.0,4.0,completo
noroeste2,2025-11-22 10:00:00,1.095,10.0,25.0,35.0,19.0,4.0,completo
noroeste2,2025-11-22 11:00:00,1.109,10.0,28.0,34.0,18.0,4.0,completo
noroeste2,2025-11-22 12:00:00,1.119,8.0,32.0,34.0,18.0,4.0,completo
noroeste2,2025-11-22 13:00:00,1.13,9.0,32.0,36.0,18.0,4.0,completo
noroeste2,2025-11-22 14:00:00,1.129,9.0,35.0,39.0,18.0,4.0,completo
noroeste2,2025-11-22 15:00:00,1.119,11.0,31.0,41.0,19.0,4.0,completo
noroeste2,2025-11-22 16:00:00,1.108,13.0,31.0,43.0,20.0,4.0,completo
noroeste2,2025-11-22 17:00:00,1.115,15.0,30.0,42.0,22.0,4.0,completo
noroeste2,2025-11-22 20:00:00,1.265,22.0,13.0,45.0,27.0,4.0,completo
noroeste2,2025-11-22 21:00:00,1.317,23.0,11.0,45.0,27.0,4.0,completo
noroeste2,2025-11-23 06:00:00,1.057,5.0,18.0,26.0,17.0,4.0,completo
noroeste2,2025-11-23 07:00:00,1.021,4.0,19.0,25.0,17.0,4.0,completo
noroeste2,2025-11-23 08:00:00,1.004,5.0,17.0,24.0,17.0,4.0,completo
noroeste2,2025-11-23 09:00:00,0.992,5.0,18.0,23.0,17.0,4.0,completo
noroeste2,2025-11-23 10:00:00,0.998,5.0,18.0,24.0,17.0,4.0,completo
noroeste2,2025-11-23 11:00:00,1.006,5.0,20.0,26.0,17.0,4.0,completo
noroeste2,2025-11-23 12:00:00,1.021,6.0,26.0,27.0,18.0,4.0,completo
noroeste2,2025-11-23 13:00:00,1.046,6.0,32.0,28.0,18.0,4.0,completo
noroeste2,2025-11-23 14:00:00,1.07,6.0,35.0,28.0,18.0,4.0,completo
noroeste2,2025-11-23 15:00:00,1.097,6.0,37.0,29.0,18.0,4.0,completo
noroeste2,2025-11-23 16:00:00,1.123,7.0,34.0,30.0,18.0,4.0,completo
noroeste2,2025-11-23 17:00:00,1.144,8.0,30.0,29.0,18.0,4.0,completo
noroeste2,2025-11-23 20:00:00,1.209,11.0,17.0,29.0,18.0,4.0,completo
noroeste2,2025-11-23 21:00:00,1.222,9.0,17.0,30.0,17.0,4.0,completo
noroeste2,2025-11-24 06:00:00,1.26,13.0,3.0,25.0,13.0,4.0,completo
noroeste2,2025-11-24 07:00:00,1.294,12.0,3.0,28.0,13.0,4.0,completo
noroeste2,2025-11-24 08:00:00,1.375,13.0,,29.0,14.0,4.0,incompleto
noroeste2,2025-11-24 09:00:00,1.43,13.0,6.0,35.0,14.0,4.0,completo
noroeste2,2025-11-24 10:00:00,1.508,22.0,6.0,36.0,18.0,5.0,completo
noroeste2,2025-11-24 11:00:00,1.533,12.0,21.0,43.0,18.0,4.0,completo
noroeste2,2025-11-24 12:00:00,1.536,9.0,37.0,43.0,16.0,4.0,completo
noroeste2,2025-11-24 13:00:00,1.526,19.0,39.0,39.0,18.0,4.0,completo
noroeste2,2025-11-24 14:00:00,1.507,14.0,53.0,50.0,20.0,4.0,completo
noroeste2,2025-11-24 15:00:00,1.484,13.0,64.0,56.0,20.0,4.0,completo
noroeste2,2025-11-24 16:00:00,1.411,9.0,63.0,55.0,19.0,4.0,completo
noroeste2,2025-11-24 17:00:00,1.368,11.0,57.0,54.0,19.0,4.0,completo
noroeste2,2025-11-24 20:00:00,1.257,12.0,18.0,41.0,15.0,4.0,completo
noroeste2,2025-11-24 21:00:00,1.239,13.0,16.0,35.0,14.0,4.0,completo
noroeste2,2025-11-25 06:00:00,1.237,15.0,12.0,24.0,11.0,4.0,completo
noroeste2,2025-11-25 07:00:00,1.222,17.0,9.0,25.0,11.0,4.0,completo
noroeste2,2025-11-25 08:00:00,1.219,20.0,7.0,25.0,12.0,4.0,completo
noroeste2,2025-11-25 09:00:00,1.209,19.0,9.0,33.0,12.0,4.0,completo
noroeste2,2025-11-25 10:00:00,1.209,16.0,17.0,34.0,12.0,4.0,completo
noroeste2,2025-11-25 11:00:00,1.221,12.0,25.0,33.0,12.0,4.0,completo
noroeste2,2025-11-25 12:00:00,1.23,5.0,40.0,33.0,7.0,4.0,completo
noroeste3,2025-11-17 17:00:00,2.325,14.0,100.0,45.0,,7.0,incompleto
noroeste3,2025-11-17 20:00:00,2.341,18.0,27.0,58.0,,6.0,incompleto
noroeste3,2025-11-18 10:00:00,2.338,16.0,19.0,68.0,,3.0,incompleto
noroeste3,2025-11-18 16:00:00,2.289,18.0,84.0,73.0,,6.0,incompleto
noroeste3,2025-11-18 17:00:00,2.248,14.0,57.0,69.0,,8.0,incompleto
noroeste3,2025-11-18 20:00:00,2.304,29.0,43.0,70.0,,17.0,incompleto
noroeste3,2025-11-19 10:00:00,2.14,14.0,17.0,47.0,,3.0,incompleto
noroeste3,2025-11-19 13:00:00,2.176,15.0,30.0,55.0,,4.0,incompleto
noroeste3,2025-11-19 14:00:00,2.188,15.0,40.0,58.0,,3.0,incompleto
noroeste3,2025-11-19 20:00:00,2.233,21.0,19.0,52.0,,4.0,incompleto
noroeste3,2025-11-20 13:00:00,2.261,13.0,36.0,42.0,,7.0,incompleto
noroeste3,2025-11-20 20:00:00,2.324,40.0,5.0,52.0,,4.0,incompleto
noroeste3,2025-11-21 06:00:00,2.632,19.0,,64.0,,4.0,incompleto
noroeste3,2025-11-21 11:00:00,2.427,15.0,39.0,56.0,,4.0,incompleto
noroeste3,2025-11-21 13:00:00,2.4,19.0,63.0,69.0,,4.0,incompleto
noroeste3,2025-11-21 14:00:00,2.335,8.0,62.0,67.0,,3.0,incompleto
noroeste3,2025-11-21 15:00:00,2.261,7.0,60.0,57.0,,4.0,incompleto
noroeste3,2025-11-21 16:00:00,2.235,8.0,54.0,50.0,,4.0,incompleto
noroeste3,2025-11-21 17:00:00,2.225,16.0,45.0,53.0,,4.0,incompleto
noroeste3,2025-11-21 20:00:00,2.232,16.0,23.0,52.0,,3.0,incompleto
noroeste3,2025-11-21 21:00:00,2.215,10.0,29.0,46.0,,4.0,incompleto
noroeste3,2025-11-22 06:00:00,2.127,13.0,25.0,30.0,,3.0,incompleto
noroeste3,2025-11-22 07:00:00,2.119,17.0,18.0,29.0,,3.0,incompleto
noroeste3,2025-11-22 08:00:00,2.111,23.0,10.0,34.0,,4.0,incompleto
noroeste3,2025-11-22 09:00:00,2.106,14.0,22.0,38.0,,8.0,incompleto
noroeste3,2025-11-22 10:00:00,2.131,18.0,18.0,39.0,,6.0,incompleto
noroeste3,2025-11-22 11:00:00,2.146,16.0,22.0,44.0,,5.0,incompleto
noroeste3,2025-11-22 12:00:00,2.156,10.0,29.0,47.0,,4.0,incompleto
noroeste3,2025-11-22 13:00:00,2.164,10.0,31.0,45.0,,4.0,incompleto
noroeste3,2025-11-22 14:00:00,2.173,11.0,31.0,43.0,,3.0,incompleto
noroeste3,2025-11-22 15:00:00,2.18,14.0,31.0,44.0,,3.0,incompleto
noroeste3,2025-11-22 16:00:00,2.188,18.0,29.0,45.0,,6.0,incompleto
noroeste3,2025-11-22 17:00:00,2.218,21.0,28.0,46.0,,6.0,incompleto
noroeste3,2025-11-22 20:00:00,2.394,34.0,7.0,47.0,,4.0,incompleto
noroeste3,2025-11-22 21:00:00,2.433,18.0,16.0,55.0,,4.0,incompleto
noroeste3,2025-11-23 06:00:00,2.15,5.0,19.0,25.0,,3.0,incompleto
noroeste3,2025-11-23 07:00:00,2.117,4.0,18.0,22.0,,3.0,incompleto
noroeste3,2025-11-23 08:00:00,2.09,5.0,16.0,23.0,,3.0,incompleto
noroeste3,2025-11-23 09:00:00,2.076,7.0,16.0,22.0,,3.0,incompleto
noroeste3,2025-11-23 10:00:00,2.074,8.0,15.0,24.0,,3.0,incompleto
noroeste3,2025-11-23 11:00:00,2.081,7.0,19.0,26.0,,3.0,incompleto
noroeste3,2025-11-23 12:00:00,2.094,8.0,25.0,28.0,,3.0,incompleto
noroeste3,2025-11-23 13:00:00,2.106,8.0,29.0,28.0,,3.0,incompleto
noroeste3,2025-11-23 14:00:00,2.121,7.0,35.0,29.0,,4.0,incompleto
noroeste3,2025-11-23 15:00:00,2.136,6.0,37.0,29.0,,4.0,incompleto
noroeste3,2025-11-23 16:00:00,2.145,8.0,34.0,29.0,,4.0,incompleto
noroeste3,2025-11-23 17:00:00,2.163,7.0,30.0,29.0,,4.0,incompleto
noroeste3,2025-11-23 20:00:00,2.209,9.0,22.0,31.0,,3.0,incompleto
noroeste3,2025-11-23 21:00:00,2.226,14.0,15.0,32.0,,3.0,incompleto
noroeste3,2025-11-24 06:00:00,2.186,12.0,5.0,23.0,,3.0,incompleto
noroeste3,2025-11-24 07:00:00,2.272,13.0,5.0,28.0,,3.0,incompleto
noroeste3,2025-11-24 08:00:00,2.374,13.0,5.0,37.0,,3.0,incompleto
noroeste3,2025-11-24 09:00:00,2.415,13.0,8.0,44.0,,3.0,incompleto
noroeste3,2025-11-24 10:00:00,2.436,15.0,11.0,43.0,,3.0,incompleto
noroeste3,2025-11-24 11:00:00,2.461,16.0,19.0,42.0,,3.0,incompleto
noroeste3,2025-11-24 12:00:00,2.494,20.0,28.0,44.0,,3.0,incompleto
noroeste3,2025-11-24 13:00:00,2.499,19.0,39.0,50.0,,4.0,incompleto
noroeste3,2025-11-24 14:00:00,2.481,18.0,53.0,57.0,,4.0,incompleto
noroeste3,2025-11-24 15:00:00,2.41,15.0,61.0,58.0,,4.0,incompleto
noroeste3,2025-11-24 16:00:00,2.329,14.0,58.0,64.0,,4.0,incompleto
noroeste3,2025-11-24 17:00:00,2.307,16.0,54.0,60.0,,4.0,incompleto
noroeste3,2025-11-24 20:00:00,2.249,6.0,25.0,46.0,,3.0,incompleto
noroeste3,2025-11-24 21:00:00,2.227,9.0,23.0,35.0,,3.0,incompleto
noroeste3,2025-11-25 06:00:00,2.121,15.0,17.0,28.0,,3.0,incompleto
noroeste3,2025-11-25 07:00:00,2.131,26.0,7.0,32.0,,3.0,incompleto
noroeste3,2025-11-25 08:00:00,2.185,27.0,6.0,34.0,,3.0,incompleto
noroeste3,2025-11-25 09:00:00,2.207,20.0,15.0,39.0,,3.0,incompleto
noroeste3,2025-11-25 10:00:00,2.215,16.0,22.0,42.0,,12.0,incompleto
noroeste3,2025-11-25 11:00:00,2.224,13.0,28.0,50.0,,6.0,incompleto
noroeste3,2025-11-25 12:00:00,2.232,10.0,37.0,45.0,,4.0,incompleto
norte,2025-11-17 17:00:00,1.151,10.0,90.0,40.0,,15.0,incompleto
norte,2025-11-17 20:00:00,0.975,12.0,27.0,37.0,,5.0,incompleto
norte,2025-11-18 10:00:00,0.824,13.0,18.0,45.0,,4.0,incompleto
norte,2025-11-18 16:00:00,0.909,8.0,58.0,,21.0,6.0,incompleto
norte,2025-11-18 17:00:00,0.914,16.0,75.0,,19.0,5.0,incompleto
norte,2025-11-18 20:00:00,0.98,20.0,14.0,,25.0,7.0,incompleto
norte,2025-11-19 10:00:00,0.898,12.0,14.0,,23.0,3.0,incompleto
norte,2025-11-19 13:00:00,0.933,10.0,39.0,80.0,25.0,4.0,completo
norte,2025-11-19 14:00:00,0.951,10.0,55.0,79.0,25.0,4.0,completo
norte,2025-11-19 20:00:00,1.055,33.0,3.0,63.0,27.0,5.0,completo
norte,2025-11-20 13:00:00,0.867,9.0,37.0,85.0,20.0,4.0,completo
norte,2025-11-20 20:00:00,1.165,32.0,4.0,39.0,21.0,5.0,completo
norte,2025-11-21 06:00:00,1.361,16.0,,41.0,18.0,4.0,incompleto
norte,2025-11-21 11:00:00,1.046,20.0,29.0,63.0,23.0,4.0,completo
norte,2025-11-21 13:00:00,1.02,5.0,57.0,57.0,16.0,4.0,completo
norte,2025-11-21 14:00:00,1.008,4.0,56.0,51.0,15.0,4.0,completo
norte,2025-11-21 15:00:00,0.99,5.0,53.0,51.0,15.0,4.0,completo
norte,2025-11-21 16:00:00,0.96,7.0,52.0,43.0,15.0,5.0,completo
norte,2025-11-21 17:00:00,0.92,9.0,39.0,43.0,15.0,5.0,completo
norte,2025-11-21 20:00:00,0.883,17.0,16.0,35.0,15.0,5.0,completo
norte,2025-11-21 21:00:00,0.931,21.0,10.0,35.0,16.0,4.0,completo
norte,2025-11-22 06:00:00,0.789,7.0,26.0,31.0,14.0,4.0,completo
norte,2025-11-22 07:00:00,0.77,9.0,21.0,28.0,14.0,4.0,completo
norte,2025-11-22 08:00:00,0.763,12.0,18.0,29.0,13.0,3.0,completo
norte,2025-11-22 09:00:00,0.759,11.0,19.0,33.0,14.0,3.0,completo
norte,2025-11-22 10:00:00,0.766,14.0,17.0,36.0,14.0,3.0,completo
norte,2025-11-22 11:00:00,0.774,9.0,27.0,43.0,14.0,3.0,completo
norte,2025-11-22 12:00:00,0.785,9.0,28.0,44.0,14.0,4.0,completo
norte,2025-11-22 13:00:00,0.799,9.0,30.0,42.0,14.0,4.0,completo
norte,2025-11-22 14:00:00,0.818,9.0,34.0,40.0,15.0,3.0,completo
norte,2025-11-22 15:00:00,0.841,12.0,32.0,40.0,15.0,4.0,completo
norte,2025-11-22 16:00:00,0.869,11.0,40.0,41.0,18.0,4.0,completo
norte,2025-11-22 17:00:00,0.899,14.0,35.0,42.0,19.0,4.0,completo
norte,2025-11-22 20:00:00,1.066,26.0,9.0,43.0,21.0,4.0,completo
norte,2025-11-22 21:00:00,1.109,26.0,4.0,44.0,21.0,4.0,completo
norte,2025-11-23 06:00:00,0.846,5.0,14.0,22.0,10.0,4.0,completo
norte,2025-11-23 07:00:00,0.811,6.0,12.0,22.0,10.0,3.0,completo
norte,2025-11-23 08:00:00,0.79,6.0,13.0,22.0,11.0,3.0,completo
norte,2025-11-23 09:00:00,0.786,6.0,13.0,22.0,12.0,4.0,completo
norte,2025-11-23 10:00:00,0.784,6.0,14.0,24.0,13.0,3.0,completo
norte,2025-11-23 11:00:00,0.79,6.0,18.0,25.0,13.0,3.0,completo
norte,2025-11-23 12:00:00,0.8,5.0,26.0,28.0,13.0,3.0,completo
norte,2025-11-23 13:00:00,0.811,5.0,31.0,28.0,13.0,3.0,completo
norte,2025-11-23 14:00:00,0.822,4.0,32.0,28.0,13.0,3.0,completo
norte,2025-11-23 15:00:00,0.827,3.0,33.0,29.0,13.0,4.0,completo
norte,2025-11-23 16:00:00,0.831,3.0,32.0,30.0,13.0,4.0,completo
norte,2025-11-23 17:00:00,0.836,4.0,30.0,31.0,13.0,4.0,completo
norte,2025-11-23 20:00:00,0.885,10.0,18.0,30.0,14.0,4.0,completo
norte,2025-11-23 21:00:00,0.891,8.0,18.0,30.0,13.0,4.0,completo
norte,2025-11-24 06:00:00,0.773,7.0,11.0,,7.0,4.0,incompleto
norte,2025-11-24 07:00:00,0.775,11.0,6.0,,8.0,4.0,incompleto
norte,2025-11-24 08:00:00,0.789,12.0,4.0,,9.0,4.0,incompleto
norte,2025-11-24 09:00:00,0.813,14.0,5.0,,10.0,4.0,incompleto
norte,2025-11-24 10:00:00,0.846,14.0,10.0,,12.0,4.0,incompleto
norte,2025-11-24 11:00:00,0.888,16.0,17.0,,13.0,4.0,incompleto
norte,2025-11-24 12:00:00,0.933,18.0,27.0,,15.0,4.0,incompleto
norte,2025-11-24 13:00:00,0.974,14.0,41.0,,16.0,5.0,incompleto
norte,2025-11-24 14:00:00,0.998,9.0,56.0,49.0,16.0,6.0,completo
norte,2025-11-24 15:00:00,1.005,8.0,62.0,42.0,15.0,6.0,completo
norte,2025-11-24 16:00:00,1.001,8.0,59.0,39.0,15.0,6.0,completo
norte,2025-11-24 17:00:00,0.994,9.0,49.0,49.0,15.0,5.0,completo
norte,2025-11-24 20:00:00,0.961,17.0,10.0,69.0,14.0,4.0,completo
norte,2025-11-24 21:00:00,0.95,20.0,6.0,101.0,16.0,5.0,completo
norte,2025-11-25 06:00:00,0.79,10.0,21.0,25.0,9.0,4.0,completo
norte,2025-11-25 07:00:00,0.785,12.0,19.0,28.0,10.0,4.0,completo
norte,2025-11-25 08:00:00,0.79,14.0,18.0,37.0,10.0,4.0,completo
norte,2025-11-25 09:00:00,0.804,12.0,21.0,41.0,10.0,4.0,completo
norte,2025-11-25 10:00:00,0.813,9.0,26.0,40.0,10.0,4.0,completo
norte,2025-11-25 11:00:00,0.811,5.0,35.0,34.0,10.0,4.0,completo
norte,2025-11-25 12:00:00,0.809,3.0,42.0,30.0,9.0,4.0,completo
norte2,2025-11-17 17:00:00,0.817,15.0,74.0,44.0,16.0,11.0,completo
norte2,2025-11-17 20:00:00,0.684,17.0,30.0,35.0,14.0,5.0,completo
norte2,2025-11-18 10:00:00,0.632,21.0,11.0,47.0,23.0,4.0,completo
norte2,2025-11-18 16:00:00,0.822,30.0,53.0,,24.0,5.0,incompleto
norte2,2025-11-18 17:00:00,0.829,29.0,84.0,45.0,22.0,7.0,completo
norte2,2025-11-18 20:00:00,0.79,27.0,34.0,52.0,23.0,5.0,completo
norte2,2025-11-19 10:00:00,0.637,22.0,5.0,67.0,23.0,4.0,completo
norte2,2025-11-19 13:00:00,0.76,22.0,29.0,54.0,26.0,4.0,completo
norte2,2025-11-19 14:00:00,0.809,27.0,37.0,75.0,26.0,4.0,completo
norte2,2025-11-19 20:00:00,0.704,29.0,4.0,40.0,19.0,3.0,completo
norte2,2025-11-20 13:00:00,0.54,15.0,30.0,32.0,15.0,3.0,completo
norte2,2025-11-20 20:00:00,0.651,32.0,8.0,39.0,15.0,4.0,completo
norte2,2025-11-21 06:00:00,0.944,21.0,1.0,54.0,19.0,4.0,completo
norte2,2025-11-21 11:00:00,1.032,35.0,18.0,59.0,23.0,5.0,completo
norte2,2025-11-21 13:00:00,1.093,25.0,44.0,55.0,22.0,4.0,completo
norte2,2025-11-21 14:00:00,1.075,23.0,39.0,53.0,18.0,4.0,completo
norte2,2025-11-21 15:00:00,1.014,24.0,35.0,53.0,15.0,4.0,completo
norte2,2025-11-21 16:00:00,0.932,20.0,46.0,59.0,15.0,5.0,completo
norte2,2025-11-21 17:00:00,0.846,19.0,33.0,55.0,15.0,4.0,completo
norte2,2025-11-21 20:00:00,0.689,26.0,9.0,38.0,16.0,4.0,completo
norte2,2025-11-21 21:00:00,0.699,29.0,4.0,38.0,15.0,4.0,completo
norte2,2025-11-22 07:00:00,,,27.0,34.0,,,incompleto
norte2,2025-11-22 08:00:00,,,20.0,32.0,9.0,,incompleto
norte2,2025-11-22 09:00:00,,,13.0,31.0,9.0,,incompleto
norte2,2025-11-22 10:00:00,,,11.0,32.0,10.0,,incompleto
norte2,2025-11-22 11:00:00,,,15.0,36.0,10.0,,incompleto
norte2,2025-11-22 12:00:00,,,16.0,38.0,11.0,,incompleto
norte2,2025-11-22 13:00:00,,17.0,,51.0,11.0,5.0,incompleto
norte2,2025-11-22 14:00:00,,23.0,24.0,52.0,20.0,5.0,incompleto
norte2,2025-11-22 15:00:00,,22.0,27.0,57.0,18.0,6.0,incompleto
norte2,2025-11-22 16:00:00,,16.0,32.0,54.0,19.0,6.0,incompleto
norte2,2025-11-22 17:00:00,,20.0,21.0,48.0,18.0,5.0,incompleto
norte2,2025-11-22 20:00:00,0.853,29.0,7.0,44.0,16.0,5.0,completo
norte2,2025-11-22 21:00:00,0.766,26.0,10.0,43.0,18.0,4.0,completo
norte2,2025-11-23 06:00:00,0.567,10.0,7.0,26.0,,4.0,incompleto
norte2,2025-11-23 07:00:00,0.521,10.0,8.0,18.0,,4.0,incompleto
norte2,2025-11-23 08:00:00,0.499,10.0,9.0,15.0,11.0,4.0,completo
norte2,2025-11-23 09:00:00,0.497,11.0,9.0,13.0,11.0,4.0,completo
norte2,2025-11-23 10:00:00,0.504,11.0,10.0,13.0,,4.0,incompleto
norte2,2025-11-23 11:00:00,0.506,11.0,15.0,15.0,,4.0,incompleto
norte2,2025-11-23 12:00:00,0.506,9.0,22.0,12.0,,4.0,incompleto
norte2,2025-11-23 13:00:00,0.504,9.0,24.0,14.0,12.0,4.0,completo
norte2,2025-11-23 14:00:00,0.506,7.0,26.0,15.0,11.0,4.0,completo
norte2,2025-11-23 15:00:00,0.491,7.0,30.0,18.0,11.0,4.0,completo
norte2,2025-11-23 16:00:00,0.471,9.0,27.0,23.0,11.0,4.0,completo
norte2,2025-11-23 17:00:00,0.478,13.0,22.0,24.0,11.0,4.0,completo
norte2,2025-11-23 20:00:00,0.48,,,,,,incompleto
norte2,2025-11-24 06:00:00,,,7.0,18.0,,,incompleto
norte2,2025-11-24 07:00:00,,,7.0,20.0,6.0,,incompleto
norte2,2025-11-24 08:00:00,,,4.0,24.0,6.0,,incompleto
norte2,2025-11-24 09:00:00,,,,24.0,6.0,,incompleto
norte2,2025-11-24 11:00:00,,21.0,14.0,31.0,,,incompleto
norte2,2025-11-24 12:00:00,,24.0,22.0,38.0,,4.0,incompleto
norte2,2025-11-24 13:00:00,,19.0,40.0,47.0,11.0,4.0,incompleto
norte2,2025-11-24 14:00:00,1.19,20.0,54.0,50.0,12.0,5.0,completo
norte2,2025-11-24 15:00:00,1.123,18.0,58.0,53.0,12.0,5.0,completo
norte2,2025-11-24 16:00:00,1.066,19.0,55.0,48.0,12.0,5.0,completo
norte2,2025-11-24 17:00:00,1.013,22.0,54.0,47.0,12.0,7.0,completo
norte2,2025-11-24 20:00:00,0.766,24.0,8.0,32.0,10.0,4.0,completo
norte2,2025-11-24 21:00:00,0.774,25.0,5.0,35.0,9.0,4.0,completo
norte2,2025-11-25 06:00:00,0.55,20.0,11.0,26.0,8.0,4.0,completo
norte2,2025-11-25 07:00:00,0.564,23.0,9.0,28.0,8.0,4.0,completo
norte2,2025-11-25 08:00:00,0.619,26.0,7.0,30.0,7.0,4.0,completo
norte2,2025-11-25 09:00:00,0.681,25.0,9.0,33.0,8.0,4.0,completo
norte2,2025-11-25 10:00:00,0.742,23.0,11.0,39.0,7.0,4.0,completo
norte2,2025-11-25 11:00:00,0.795,22.0,16.0,39.0,8.0,4.0,completo
norte2,2025-11-25 12:00:00,0.835,19.0,25.0,38.0,9.0,4.0,completo
sur,2025-11-17 17:00:00,0.926,17.0,82.0,31.0,18.0,4.0,completo
sur,2025-11-17 20:00:00,0.86,11.0,44.0,28.0,12.0,3.0,completo
sur,2025-11-18 10:00:00,0.965,32.0,19.0,37.0,20.0,4.0,completo
sur,2025-11-18 16:00:00,1.076,22.0,99.0,52.0,24.0,4.0,completo
sur,2025-11-18 17:00:00,1.044,,77.0,50.0,19.0,,incompleto
sur,2025-11-18 20:00:00,,,76.0,52.0,19.0,,incompleto
sur,2025-11-19 10:00:00,,,5.0,40.0,16.0,,incompleto
sur,2025-11-19 13:00:00,,,16.0,51.0,21.0,,incompleto
sur,2025-11-19 14:00:00,,,23.0,52.0,22.0,,incompleto
sur,2025-11-19 20:00:00,,,19.0,41.0,18.0,,incompleto
sur,2025-11-20 13:00:00,,,20.0,27.0,11.0,,incompleto
sur,2025-11-20 20:00:00,0.75,27.0,17.0,27.0,16.0,2.0,completo
sur,2025-11-21 06:00:00,0.791,28.0,4.0,23.0,16.0,2.0,completo
sur,2025-11-21 11:00:00,1.075,53.0,18.0,46.0,21.0,11.0,completo
sur,2025-11-21 13:00:00,1.148,23.0,75.0,57.0,25.0,4.0,completo
sur,2025-11-21 14:00:00,1.117,14.0,80.0,57.0,20.0,3.0,completo
sur,2025-11-21 15:00:00,1.081,11.0,76.0,52.0,20.0,4.0,completo
sur,2025-11-21 16:00:00,0.998,15.0,75.0,43.0,22.0,4.0,completo
sur,2025-11-21 17:00:00,0.922,15.0,63.0,39.0,28.0,4.0,completo
sur,2025-11-21 20:00:00,0.792,16.0,28.0,36.0,16.0,3.0,completo
sur,2025-11-21 21:00:00,0.764,12.0,30.0,30.0,12.0,3.0,completo
sur,2025-11-22 06:00:00,0.676,12.0,27.0,28.0,19.0,2.0,completo
sur,2025-11-22 07:00:00,0.674,14.0,27.0,26.0,18.0,2.0,completo
sur,2025-11-22 08:00:00,0.666,15.0,24.0,26.0,15.0,2.0,completo
sur,2025-11-22 09:00:00,0.668,19.0,20.0,26.0,14.0,3.0,completo
sur,2025-11-22 10:00:00,0.683,22.0,19.0,27.0,14.0,3.0,completo
sur,2025-11-22 11:00:00,0.699,25.0,20.0,27.0,13.0,4.0,completo
sur,2025-11-22 12:00:00,0.716,26.0,23.0,29.0,14.0,3.0,completo
sur,2025-11-22 13:00:00,0.734,21.0,30.0,33.0,19.0,4.0,completo
sur,2025-11-22 14:00:00,0.754,20.0,34.0,38.0,21.0,6.0,completo
sur,2025-11-22 15:00:00,0.782,19.0,33.0,38.0,24.0,5.0,completo
sur,2025-11-22 16:00:00,0.792,12.0,33.0,37.0,23.0,3.0,completo
sur,2025-11-22 17:00:00,0.794,8.0,35.0,34.0,19.0,2.0,completo
sur,2025-11-22 20:00:00,0.789,18.0,20.0,28.0,22.0,2.0,completo
sur,2025-11-22 21:00:00,0.789,16.0,21.0,28.0,20.0,2.0,completo
sur,2025-11-23 06:00:00,0.688,8.0,15.0,25.0,16.0,2.0,completo
sur,2025-11-23 07:00:00,0.673,8.0,11.0,23.0,15.0,2.0,completo
sur,2025-11-23 08:00:00,0.694,13.0,7.0,22.0,15.0,2.0,completo
sur,2025-11-23 09:00:00,0.704,8.0,14.0,24.0,14.0,2.0,completo
sur,2025-11-23 10:00:00,0.69,8.0,19.0,23.0,11.0,2.0,completo
sur,2025-11-23 11:00:00,0.678,7.0,26.0,22.0,11.0,2.0,completo
sur,2025-11-23 12:00:00,0.664,6.0,30.0,23.0,13.0,2.0,completo
sur,2025-11-23 13:00:00,0.661,6.0,29.0,21.0,,2.0,incompleto
sur,2025-11-23 14:00:00,0.66,6.0,30.0,22.0,13.0,2.0,completo
sur,2025-11-23 15:00:00,0.669,8.0,33.0,21.0,9.0,2.0,completo
sur,2025-11-23 16:00:00,0.649,7.0,34.0,21.0,13.0,2.0,completo
sur,2025-11-23 17:00:00,0.649,9.0,31.0,21.0,17.0,2.0,completo
sur,2025-11-23 20:00:00,0.679,11.0,20.0,21.0,14.0,2.0,completo
sur,2025-11-23 21:00:00,0.688,10.0,19.0,21.0,13.0,2.0,completo
sur,2025-11-24 06:00:00,0.615,11.0,12.0,14.0,7.0,2.0,completo
sur,2025-11-24 07:00:00,0.627,17.0,6.0,15.0,9.0,2.0,completo
sur,2025-11-24 08:00:00,0.675,19.0,5.0,17.0,8.0,2.0,completo
sur,2025-11-24 09:00:00,0.709,18.0,10.0,22.0,7.0,2.0,completo
sur,2025-11-24 10:00:00,0.755,23.0,12.0,27.0,8.0,3.0,completo
sur,2025-11-24 11:00:00,0.801,28.0,17.0,31.0,13.0,3.0,completo
sur,2025-11-24 12:00:00,0.844,32.0,26.0,34.0,17.0,3.0,completo
sur,2025-11-24 13:00:00,0.88,32.0,43.0,37.0,19.0,4.0,completo
sur,2025-11-24 14:00:00,0.917,22.0,68.0,38.0,20.0,3.0,completo
sur,2025-11-24 15:00:00,0.919,15.0,75.0,41.0,20.0,3.0,completo
sur,2025-11-24 16:00:00,0.885,16.0,76.0,39.0,19.0,3.0,completo
sur,2025-11-24 17:00:00,0.875,18.0,78.0,37.0,20.0,3.0,completo
sur,2025-11-24 20:00:00,0.792,13.0,32.0,35.0,16.0,6.0,completo
sur,2025-11-24 21:00:00,0.766,16.0,22.0,28.0,14.0,5.0,completo
sur,2025-11-25 06:00:00,0.662,13.0,19.0,20.0,10.0,2.0,completo
sur,2025-11-25 07:00:00,0.659,31.0,7.0,20.0,11.0,3.0,completo
sur,2025-11-25 08:00:00,0.665,31.0,6.0,23.0,11.0,3.0,completo
sur,2025-11-25 09:00:00,0.685,29.0,9.0,24.0,10.0,3.0,completo
sur,2025-11-25 10:00:00,0.712,27.0,14.0,25.0,9.0,3.0,completo
sur,2025-11-25 11:00:00,0.731,22.0,24.0,25.0,7.0,3.0,completo
sur,2025-11-25 12:00:00,0.751,18.0,34.0,27.0,10.0,3.0,completo
sureste,2025-11-17 17:00:00,1.814,11.0,78.0,61.0,17.0,7.0,completo
sureste,2025-11-17 20:00:00,1.756,14.0,45.0,43.0,12.0,5.0,completo
sureste,2025-11-18 10:00:00,1.826,25.0,14.0,55.0,17.0,5.0,completo
sureste,2025-11-18 16:00:00,1.924,16.0,104.0,88.0,21.0,5.0,completo
sureste,2025-11-18 17:00:00,1.907,14.0,92.0,90.0,20.0,5.0,completo
sureste,2025-11-18 20:00:00,1.876,19.0,47.0,62.0,16.0,4.0,completo
sureste,2025-11-19 10:00:00,1.636,12.0,20.0,44.0,15.0,3.0,completo
sureste,2025-11-19 13:00:00,1.737,14.0,40.0,62.0,19.0,4.0,completo
sureste,2025-11-19 14:00:00,1.755,9.0,47.0,66.0,19.0,3.0,completo
sureste,2025-11-19 20:00:00,1.642,7.0,29.0,42.0,13.0,3.0,completo
sureste,2025-11-20 13:00:00,1.616,6.0,32.0,39.0,14.0,3.0,completo
sureste,2025-11-20 20:00:00,1.771,28.0,5.0,58.0,12.0,3.0,completo
sureste,2025-11-21 06:00:00,1.98,17.0,2.0,32.0,12.0,3.0,completo
sureste,2025-11-21 11:00:00,2.185,37.0,20.0,94.0,17.0,6.0,completo
sureste,2025-11-21 13:00:00,2.172,16.0,71.0,100.0,18.0,5.0,completo
sureste,2025-11-21 14:00:00,2.147,12.0,78.0,100.0,17.0,4.0,completo
sureste,2025-11-21 15:00:00,2.089,11.0,73.0,,18.0,4.0,incompleto
sureste,2025-11-21 16:00:00,1.987,9.0,61.0,,17.0,4.0,incompleto
sureste,2025-11-21 17:00:00,1.899,9.0,43.0,67.0,16.0,4.0,completo
sureste,2025-11-21 20:00:00,1.731,10.0,25.0,41.0,12.0,4.0,completo
sureste,2025-11-21 21:00:00,1.73,10.0,24.0,36.0,11.0,5.0,completo
sureste,2025-11-22 06:00:00,1.621,12.0,21.0,30.0,10.0,3.0,completo
sureste,2025-11-22 07:00:00,1.595,16.0,17.0,29.0,10.0,3.0,completo
sureste,2025-11-22 08:00:00,1.585,16.0,16.0,30.0,10.0,4.0,completo
sureste,2025-11-22 09:00:00,1.594,17.0,15.0,32.0,10.0,5.0,completo
sureste,2025-11-22 10:00:00,1.62,18.0,15.0,34.0,10.0,5.0,completo
sureste,2025-11-22 11:00:00,1.656,19.0,16.0,42.0,10.0,4.0,completo
sureste,2025-11-22 12:00:00,1.69,18.0,21.0,46.0,11.0,4.0,completo
sureste,2025-11-22 13:00:00,1.719,10.0,31.0,54.0,13.0,6.0,completo
sureste,2025-11-22 14:00:00,1.76,12.0,35.0,56.0,18.0,7.0,completo
sureste,2025-11-22 15:00:00,1.797,10.0,31.0,68.0,22.0,6.0,completo
sureste,2025-11-22 16:00:00,1.825,9.0,31.0,72.0,21.0,4.0,completo
sureste,2025-11-22 17:00:00,1.84,16.0,19.0,63.0,18.0,3.0,completo
sureste,2025-11-22 20:00:00,1.857,11.0,26.0,50.0,15.0,4.0,completo
sureste,2025-11-22 21:00:00,1.857,8.0,27.0,47.0,14.0,4.0,completo
sureste,2025-11-23 06:00:00,1.635,4.0,13.0,24.0,9.0,3.0,completo
sureste,2025-11-23 07:00:00,1.633,4.0,13.0,22.0,9.0,3.0,completo
sureste,2025-11-23 08:00:00,1.634,5.0,12.0,21.0,9.0,3.0,completo
sureste,2025-11-23 09:00:00,1.631,6.0,13.0,21.0,9.0,3.0,completo
sureste,2025-11-23 10:00:00,1.631,6.0,14.0,23.0,9.0,3.0,completo
sureste,2025-11-23 11:00:00,1.633,5.0,19.0,24.0,9.0,3.0,completo
sureste,2025-11-23 12:00:00,1.649,5.0,22.0,26.0,11.0,3.0,completo
sureste,2025-11-23 13:00:00,1.672,4.0,24.0,32.0,14.0,3.0,completo
sureste,2025-11-23 14:00:00,1.69,4.0,28.0,40.0,15.0,3.0,completo
sureste,2025-11-23 15:00:00,1.697,4.0,29.0,40.0,14.0,3.0,completo
sureste,2025-11-23 16:00:00,1.705,5.0,28.0,34.0,14.0,3.0,completo
sureste,2025-11-23 17:00:00,1.707,5.0,28.0,33.0,13.0,3.0,completo
sureste,2025-11-23 20:00:00,1.67,4.0,24.0,25.0,8.0,4.0,completo
sureste,2025-11-23 21:00:00,1.646,4.0,23.0,22.0,7.0,3.0,completo
sureste,2025-11-24 06:00:00,1.567,4.0,13.0,14.0,5.0,3.0,completo
sureste,2025-11-24 07:00:00,1.569,7.0,10.0,13.0,5.0,3.0,completo
sureste,2025-11-24 08:00:00,1.597,13.0,3.0,12.0,6.0,3.0,completo
sureste,2025-11-24 09:00:00,1.651,15.0,5.0,18.0,6.0,3.0,completo
sureste,2025-11-24 10:00:00,1.71,17.0,9.0,26.0,8.0,3.0,completo
sureste,2025-11-24 11:00:00,1.774,20.0,16.0,37.0,10.0,3.0,completo
sureste,2025-11-24 12:00:00,1.835,22.0,28.0,43.0,11.0,4.0,completo
sureste,2025-11-24 13:00:00,1.884,20.0,50.0,50.0,12.0,4.0,completo
sureste,2025-11-24 14:00:00,1.926,17.0,67.0,55.0,12.0,4.0,completo
sureste,2025-11-24 15:00:00,1.946,13.0,66.0,61.0,12.0,5.0,completo
sureste,2025-11-24 16:00:00,1.957,14.0,74.0,55.0,12.0,5.0,completo
sureste,2025-11-24 17:00:00,1.931,12.0,64.0,62.0,12.0,6.0,completo
sureste,2025-11-24 20:00:00,1.83,11.0,20.0,44.0,9.0,5.0,completo
sureste,2025-11-24 21:00:00,1.812,13.0,17.0,39.0,9.0,7.0,completo
sureste,2025-11-25 06:00:00,1.714,16.0,10.0,20.0,7.0,5.0,completo
sureste,2025-11-25 07:00:00,1.682,19.0,9.0,24.0,7.0,4.0,completo
sureste,2025-11-25 08:00:00,1.674,20.0,8.0,26.0,7.0,4.0,completo
sureste,2025-11-25 09:00:00,1.68,22.0,8.0,25.0,7.0,4.0,completo
sureste,2025-11-25 10:00:00,1.689,20.0,13.0,32.0,7.0,4.0,completo
sureste,2025-11-25 11:00:00,1.704,11.0,27.0,47.0,7.0,4.0,completo
sureste,2025-11-25 12:00:00,1.716,8.0,38.0,45.0,7.0,4.0,completo
sureste2,2025-11-17 17:00:00,1.563,12.0,35.0,31.0,15.0,4.0,completo
sureste2,2025-11-17 20:00:00,1.544,19.0,7.0,43.0,17.0,3.0,completo
sureste2,2025-11-18 10:00:00,1.336,11.0,15.0,35.0,22.0,14.0,completo
sureste2,2025-11-18 16:00:00,1.45,13.0,87.0,56.0,30.0,12.0,completo
sureste2,2025-11-18 17:00:00,1.452,17.0,86.0,58.0,31.0,13.0,completo
sureste2,2025-11-18 20:00:00,1.616,22.0,3.0,66.0,29.0,4.0,completo
sureste2,2025-11-19 10:00:00,1.304,6.0,13.0,37.0,27.0,6.0,completo
sureste2,2025-11-19 13:00:00,1.338,7.0,31.0,39.0,27.0,3.0,completo
sureste2,2025-11-19 14:00:00,1.356,8.0,30.0,39.0,26.0,3.0,completo
sureste2,2025-11-19 20:00:00,1.6,19.0,4.0,55.0,25.0,2.0,completo
sureste2,2025-11-20 13:00:00,1.384,5.0,27.0,36.0,20.0,3.0,completo
sureste2,2025-11-20 20:00:00,1.621,25.0,3.0,78.0,28.0,3.0,completo
sureste2,2025-11-21 06:00:00,1.463,9.0,2.0,25.0,14.0,2.0,completo
sureste2,2025-11-21 11:00:00,1.485,14.0,29.0,56.0,25.0,4.0,completo
sureste2,2025-11-21 13:00:00,1.519,13.0,48.0,57.0,25.0,7.0,completo
sureste2,2025-11-21 14:00:00,1.505,10.0,61.0,52.0,23.0,5.0,completo
sureste2,2025-11-21 15:00:00,1.468,5.0,60.0,45.0,22.0,5.0,completo
sureste2,2025-11-21 16:00:00,1.405,4.0,43.0,46.0,23.0,4.0,completo
sureste2,2025-11-21 17:00:00,1.345,6.0,30.0,40.0,21.0,3.0,completo
sureste2,2025-11-21 20:00:00,1.356,17.0,9.0,40.0,20.0,2.0,completo
sureste2,2025-11-21 21:00:00,1.415,20.0,4.0,45.0,21.0,3.0,completo
sureste2,2025-11-22 06:00:00,1.605,17.0,7.0,31.0,19.0,3.0,completo
sureste2,2025-11-22 07:00:00,1.434,15.0,9.0,31.0,19.0,2.0,completo
sureste2,2025-11-22 08:00:00,1.385,19.0,4.0,35.0,19.0,3.0,completo
sureste2,2025-11-22 09:00:00,1.4,15.0,7.0,41.0,20.0,3.0,completo
sureste2,2025-11-22 10:00:00,1.416,14.0,9.0,44.0,20.0,3.0,completo
sureste2,2025-11-22 11:00:00,1.454,12.0,12.0,44.0,20.0,3.0,completo
sureste2,2025-11-22 12:00:00,1.475,9.0,17.0,42.0,19.0,3.0,completo
sureste2,2025-11-22 13:00:00,1.482,6.0,29.0,39.0,20.0,11.0,completo
sureste2,2025-11-22 14:00:00,1.474,7.0,32.0,41.0,22.0,12.0,completo
sureste2,2025-11-22 15:00:00,1.465,5.0,37.0,40.0,23.0,8.0,completo
sureste2,2025-11-22 16:00:00,1.432,8.0,33.0,39.0,22.0,12.0,completo
sureste2,2025-11-22 17:00:00,1.45,14.0,24.0,43.0,23.0,10.0,completo
sureste2,2025-11-22 20:00:00,1.706,22.0,3.0,78.0,37.0,3.0,completo
sureste2,2025-11-22 21:00:00,1.891,23.0,2.0,84.0,39.0,3.0,completo
sureste2,2025-11-23 06:00:00,1.376,3.0,7.0,15.0,11.0,3.0,completo
sureste2,2025-11-23 07:00:00,1.291,3.0,6.0,15.0,11.0,4.0,completo
sureste2,2025-11-23 08:00:00,1.251,4.0,5.0,16.0,12.0,4.0,completo
sureste2,2025-11-23 09:00:00,1.218,4.0,7.0,17.0,12.0,3.0,completo
sureste2,2025-11-23 10:00:00,1.205,4.0,12.0,18.0,12.0,4.0,completo
sureste2,2025-11-23 11:00:00,1.2,3.0,16.0,19.0,13.0,3.0,completo
sureste2,2025-11-23 12:00:00,1.21,4.0,17.0,20.0,15.0,3.0,completo
sureste2,2025-11-23 13:00:00,1.233,6.0,18.0,24.0,15.0,3.0,completo
sureste2,2025-11-23 14:00:00,1.259,6.0,20.0,26.0,16.0,3.0,completo
sureste2,2025-11-23 15:00:00,1.285,6.0,21.0,26.0,16.0,3.0,completo
sureste2,2025-11-23 16:00:00,1.305,6.0,23.0,27.0,16.0,3.0,completo
sureste2,2025-11-23 17:00:00,1.34,8.0,20.0,30.0,17.0,2.0,completo
sureste2,2025-11-23 20:00:00,1.536,12.0,6.0,38.0,18.0,2.0,completo
sureste2,2025-11-23 21:00:00,1.585,13.0,4.0,35.0,16.0,2.0,completo
sureste2,2025-11-24 06:00:00,1.164,5.0,9.0,13.0,8.0,2.0,completo
sureste2,2025-11-24 07:00:00,1.157,9.0,4.0,16.0,9.0,2.0,completo
sureste2,2025-11-24 08:00:00,1.186,10.0,3.0,21.0,10.0,2.0,completo
sureste2,2025-11-24 09:00:00,1.214,8.0,8.0,28.0,12.0,3.0,completo
sureste2,2025-11-24 10:00:00,1.239,7.0,15.0,29.0,14.0,3.0,completo
sureste2,2025-11-24 11:00:00,1.286,10.0,17.0,32.0,15.0,3.0,completo
sureste2,2025-11-24 12:00:00,1.339,12.0,28.0,37.0,17.0,3.0,completo
sureste2,2025-11-24 13:00:00,1.377,14.0,37.0,41.0,18.0,3.0,completo
sureste2,2025-11-24 14:00:00,1.418,13.0,48.0,43.0,19.0,4.0,completo
sureste2,2025-11-24 15:00:00,1.439,12.0,61.0,43.0,19.0,4.0,completo
sureste2,2025-11-24 16:00:00,1.415,6.0,52.0,37.0,19.0,10.0,completo
sureste2,2025-11-24 17:00:00,1.408,8.0,31.0,33.0,17.0,5.0,completo
sureste2,2025-11-24 20:00:00,1.364,11.0,14.0,35.0,15.0,2.0,completo
sureste2,2025-11-24 21:00:00,1.425,18.0,4.0,43.0,17.0,3.0,completo
sureste2,2025-11-25 06:00:00,1.341,14.0,6.0,29.0,15.0,3.0,completo
sureste2,2025-11-25 07:00:00,1.314,18.0,2.0,34.0,16.0,6.0,completo
sureste2,2025-11-25 08:00:00,1.396,20.0,2.0,44.0,17.0,10.0,completo
sureste2,2025-11-25 09:00:00,1.486,21.0,4.0,52.0,17.0,7.0,completo
sureste2,2025-11-25 10:00:00,1.534,18.0,8.0,52.0,17.0,5.0,completo
sureste2,2025-11-25 11:00:00,1.549,11.0,20.0,46.0,16.0,5.0,completo
sureste2,2025-11-25 12:00:00,1.554,7.0,30.0,37.0,15.0,5.0,completo
sureste3,2025-11-17 17:00:00,1.046,5.0,38.0,26.0,13.0,5.0,completo
sureste3,2025-11-17 20:00:00,1.021,16.0,17.0,31.0,,5.0,incompleto
sureste3,2025-11-18 10:00:00,0.989,7.0,26.0,41.0,18.0,17.0,completo
sureste3,2025-11-18 16:00:00,1.073,8.0,92.0,53.0,39.0,34.0,completo
sureste3,2025-11-18 17:00:00,1.04,9.0,52.0,50.0,33.0,15.0,completo
sureste3,2025-11-18 20:00:00,1.147,19.0,12.0,51.0,18.0,6.0,completo
sureste3,2025-11-19 10:00:00,0.965,6.0,17.0,34.0,20.0,8.0,completo
sureste3,2025-11-19 13:00:00,1.005,4.0,31.0,38.0,25.0,5.0,completo
sureste3,2025-11-19 14:00:00,1.022,4.0,33.0,37.0,24.0,5.0,completo
sureste3,2025-11-19 20:00:00,1.18,14.0,16.0,44.0,19.0,4.0,completo
sureste3,2025-11-20 13:00:00,1.002,4.0,30.0,34.0,17.0,5.0,completo
sureste3,2025-11-20 20:00:00,1.162,26.0,5.0,90.0,18.0,4.0,completo
sureste3,2025-11-21 06:00:00,0.939,7.0,6.0,28.0,6.0,4.0,completo
sureste3,2025-11-21 11:00:00,1.0,18.0,22.0,34.0,19.0,6.0,completo
sureste3,2025-11-21 13:00:00,1.035,8.0,56.0,38.0,25.0,6.0,completo
sureste3,2025-11-21 14:00:00,1.05,6.0,66.0,37.0,25.0,6.0,completo
sureste3,2025-11-21 15:00:00,1.047,5.0,53.0,39.0,23.0,6.0,completo
sureste3,2025-11-21 16:00:00,1.035,4.0,41.0,41.0,22.0,5.0,completo
sureste3,2025-11-21 17:00:00,1.036,6.0,32.0,38.0,18.0,4.0,completo
sureste3,2025-11-21 20:00:00,1.086,18.0,15.0,43.0,14.0,5.0,completo
sureste3,2025-11-21 21:00:00,1.105,20.0,11.0,41.0,14.0,4.0,completo
sureste3,2025-11-22 06:00:00,0.987,15.0,8.0,30.0,11.0,4.0,completo
sureste3,2025-11-22 07:00:00,0.97,19.0,4.0,32.0,15.0,4.0,completo
sureste3,2025-11-22 08:00:00,1.017,15.0,4.0,58.0,16.0,4.0,completo
sureste3,2025-11-22 09:00:00,1.041,10.0,14.0,50.0,16.0,4.0,completo
sureste3,2025-11-22 10:00:00,1.054,8.0,18.0,41.0,15.0,4.0,completo
sureste3,2025-11-22 11:00:00,1.075,7.0,22.0,38.0,15.0,4.0,completo
sureste3,2025-11-22 12:00:00,1.091,6.0,26.0,39.0,11.0,4.0,completo
sureste3,2025-11-22 13:00:00,1.099,5.0,31.0,37.0,13.0,4.0,completo
sureste3,2025-11-22 14:00:00,1.1,5.0,36.0,36.0,15.0,7.0,completo
sureste3,2025-11-22 15:00:00,1.081,6.0,38.0,37.0,17.0,19.0,completo
sureste3,2025-11-22 16:00:00,1.03,4.0,39.0,38.0,17.0,8.0,completo
sureste3,2025-11-22 17:00:00,1.024,7.0,33.0,36.0,16.0,5.0,completo
sureste3,2025-11-22 20:00:00,1.176,24.0,6.0,51.0,19.0,4.0,completo
sureste3,2025-11-22 21:00:00,1.288,24.0,4.0,63.0,23.0,4.0,completo
sureste3,2025-11-23 06:00:00,0.952,4.0,10.0,16.0,7.0,5.0,completo
sureste3,2025-11-23 07:00:00,0.945,5.0,7.0,16.0,6.0,5.0,completo
sureste3,2025-11-23 08:00:00,0.941,4.0,11.0,17.0,6.0,5.0,completo
sureste3,2025-11-23 09:00:00,0.931,4.0,14.0,17.0,6.0,4.0,completo
sureste3,2025-11-23 10:00:00,0.942,3.0,17.0,19.0,7.0,4.0,completo
sureste3,2025-11-23 11:00:00,0.954,3.0,19.0,19.0,8.0,4.0,completo
sureste3,2025-11-23 12:00:00,0.969,3.0,22.0,20.0,9.0,4.0,completo
sureste3,2025-11-23 13:00:00,0.979,3.0,25.0,24.0,12.0,4.0,completo
sureste3,2025-11-23 14:00:00,0.985,3.0,26.0,23.0,13.0,4.0,completo
sureste3,2025-11-23 15:00:00,0.991,4.0,26.0,23.0,13.0,4.0,completo
sureste3,2025-11-23 16:00:00,0.994,4.0,26.0,24.0,12.0,4.0,completo
sureste3,2025-11-23 17:00:00,0.995,4.0,24.0,26.0,9.0,4.0,completo
sureste3,2025-11-23 20:00:00,1.041,8.0,14.0,31.0,8.0,4.0,completo
sureste3,2025-11-23 21:00:00,1.051,8.0,13.0,30.0,6.0,4.0,completo
sureste3,2025-11-24 06:00:00,0.844,3.0,13.0,14.0,5.0,4.0,completo
sureste3,2025-11-24 07:00:00,0.837,5.0,11.0,14.0,5.0,4.0,completo
sureste3,2025-11-24 08:00:00,0.845,5.0,11.0,16.0,6.0,4.0,completo
sureste3,2025-11-24 09:00:00,0.854,5.0,12.0,18.0,6.0,4.0,completo
sureste3,2025-11-24 10:00:00,0.874,6.0,18.0,22.0,8.0,10.0,completo
sureste3,2025-11-24 11:00:00,0.898,6.0,26.0,26.0,13.0,13.0,completo
sureste3,2025-11-24 12:00:00,0.929,8.0,37.0,28.0,16.0,10.0,completo
sureste3,2025-11-24 13:00:00,0.969,8.0,50.0,32.0,18.0,7.0,completo
sureste3,2025-11-24 14:00:00,1.004,8.0,67.0,34.0,20.0,10.0,completo
sureste3,2025-11-24 15:00:00,1.013,5.0,61.0,42.0,21.0,17.0,completo
sureste3,2025-11-24 16:00:00,1.018,4.0,46.0,40.0,18.0,9.0,completo
sureste3,2025-11-24 17:00:00,1.032,7.0,31.0,32.0,14.0,17.0,completo
sureste3,2025-11-24 20:00:00,1.017,8.0,21.0,52.0,8.0,4.0,completo
sureste3,2025-11-24 21:00:00,1.029,20.0,9.0,44.0,7.0,4.0,completo
sureste3,2025-11-25 06:00:00,1.045,11.0,9.0,28.0,11.0,4.0,completo
sureste3,2025-11-25 07:00:00,0.995,17.0,4.0,27.0,12.0,4.0,completo
sureste3,2025-11-25 08:00:00,1.025,20.0,4.0,35.0,13.0,6.0,completo
sureste3,2025-11-25 09:00:00,1.058,22.0,9.0,47.0,14.0,8.0,completo
sureste3,2025-11-25 10:00:00,1.088,17.0,18.0,51.0,17.0,6.0,completo
sureste3,2025-11-25 11:00:00,1.102,12.0,25.0,53.0,17.0,6.0,completo
sureste3,2025-11-25 12:00:00,1.105,8.0,31.0,46.0,16.0,5.0,completo
suroeste,2025-11-17 17:00:00,1.162,15.0,96.0,31.0,25.0,7.0,completo
suroeste,2025-11-17 20:00:00,1.121,17.0,66.0,21.0,16.0,5.0,completo
suroeste,2025-11-18 10:00:00,1.329,39.0,27.0,70.0,28.0,4.0,completo
suroeste,2025-11-18 16:00:00,1.384,29.0,73.0,57.0,31.0,7.0,completo
suroeste,2025-11-18 17:00:00,1.304,28.0,72.0,52.0,26.0,6.0,completo
suroeste,2025-11-18 20:00:00,1.323,27.0,50.0,44.0,29.0,3.0,completo
suroeste,2025-11-19 10:00:00,1.059,22.0,24.0,34.0,23.0,4.0,completo
suroeste,2025-11-19 13:00:00,1.169,26.0,30.0,48.0,41.0,5.0,completo
suroeste,2025-11-19 14:00:00,1.205,24.0,43.0,49.0,42.0,6.0,completo
suroeste,2025-11-19 20:00:00,1.094,14.0,21.0,27.0,23.0,3.0,completo
suroeste,2025-11-20 13:00:00,1.036,18.0,29.0,28.0,21.0,7.0,completo
suroeste,2025-11-20 20:00:00,1.128,26.0,10.0,26.0,23.0,3.0,completo
suroeste,2025-11-21 06:00:00,1.311,30.0,,88.0,27.0,3.0,incompleto
suroeste,2025-11-21 11:00:00,1.426,27.0,31.0,82.0,21.0,4.0,completo
suroeste,2025-11-21 13:00:00,1.494,35.0,52.0,61.0,25.0,6.0,completo
suroeste,2025-11-21 14:00:00,1.511,20.0,72.0,57.0,22.0,5.0,completo
suroeste,2025-11-21 15:00:00,1.475,17.0,70.0,50.0,22.0,4.0,completo
suroeste,2025-11-21 16:00:00,1.343,17.0,59.0,43.0,22.0,4.0,completo
suroeste,2025-11-21 17:00:00,1.211,18.0,56.0,38.0,26.0,4.0,completo
suroeste,2025-11-21 20:00:00,1.097,15.0,29.0,29.0,22.0,5.0,completo
suroeste,2025-11-21 21:00:00,1.059,12.0,30.0,27.0,21.0,4.0,completo
suroeste,2025-11-22 06:00:00,0.926,13.0,20.0,23.0,20.0,4.0,completo
suroeste,2025-11-22 07:00:00,0.913,15.0,18.0,23.0,20.0,4.0,completo
suroeste,2025-11-22 08:00:00,0.91,17.0,16.0,24.0,20.0,4.0,completo
suroeste,2025-11-22 09:00:00,0.914,16.0,18.0,25.0,16.0,4.0,completo
suroeste,2025-11-22 10:00:00,0.941,18.0,17.0,27.0,13.0,5.0,completo
suroeste,2025-11-22 11:00:00,0.966,18.0,20.0,29.0,14.0,5.0,completo
suroeste,2025-11-22 12:00:00,0.993,19.0,20.0,33.0,17.0,5.0,completo
suroeste,2025-11-22 13:00:00,1.033,22.0,19.0,37.0,22.0,5.0,completo
suroeste,2025-11-22 14:00:00,1.061,24.0,22.0,40.0,25.0,7.0,completo
suroeste,2025-11-22 15:00:00,1.087,21.0,26.0,42.0,32.0,6.0,completo
suroeste,2025-11-22 16:00:00,1.101,15.0,30.0,40.0,32.0,6.0,completo
suroeste,2025-11-22 17:00:00,1.104,12.0,29.0,34.0,,4.0,incompleto
suroeste,2025-11-22 20:00:00,1.064,13.0,21.0,24.0,,3.0,incompleto
suroeste,2025-11-22 21:00:00,1.054,16.0,16.0,24.0,22.0,3.0,completo
suroeste,2025-11-23 06:00:00,0.853,10.0,8.0,28.0,,3.0,incompleto
suroeste,2025-11-23 07:00:00,0.835,8.0,10.0,27.0,,3.0,incompleto
suroeste,2025-11-23 08:00:00,0.829,10.0,8.0,26.0,,3.0,incompleto
suroeste,2025-11-23 09:00:00,0.829,11.0,8.0,26.0,21.0,3.0,completo
suroeste,2025-11-23 10:00:00,0.83,11.0,12.0,25.0,11.0,4.0,completo
suroeste,2025-11-23 11:00:00,0.833,12.0,14.0,23.0,7.0,5.0,completo
suroeste,2025-11-23 12:00:00,0.841,11.0,21.0,23.0,8.0,5.0,completo
suroeste,2025-11-23 13:00:00,0.853,11.0,26.0,23.0,12.0,4.0,completo
suroeste,2025-11-23 14:00:00,0.864,10.0,27.0,20.0,14.0,4.0,completo
suroeste,2025-11-23 15:00:00,0.874,6.0,31.0,18.0,13.0,3.0,completo
suroeste,2025-11-23 16:00:00,0.875,5.0,33.0,17.0,12.0,3.0,completo
suroeste,2025-11-23 17:00:00,0.871,7.0,30.0,17.0,12.0,3.0,completo
suroeste,2025-11-23 20:00:00,0.879,10.0,19.0,16.0,,3.0,incompleto
suroeste,2025-11-23 21:00:00,0.895,13.0,13.0,16.0,,3.0,incompleto
suroeste,2025-11-24 06:00:00,0.895,13.0,3.0,24.0,15.0,3.0,completo
suroeste,2025-11-24 07:00:00,0.933,14.0,3.0,27.0,16.0,3.0,completo
suroeste,2025-11-24 08:00:00,1.075,17.0,4.0,42.0,23.0,3.0,completo
suroeste,2025-11-24 09:00:00,1.196,23.0,6.0,58.0,18.0,3.0,completo
suroeste,2025-11-24 10:00:00,1.226,18.0,13.0,52.0,13.0,3.0,completo
suroeste,2025-11-24 11:00:00,1.269,25.0,17.0,48.0,16.0,4.0,completo
suroeste,2025-11-24 12:00:00,1.316,27.0,24.0,47.0,17.0,4.0,completo
suroeste,2025-11-24 13:00:00,1.386,38.0,30.0,46.0,23.0,5.0,completo
suroeste,2025-11-24 14:00:00,1.431,33.0,49.0,48.0,26.0,5.0,completo
suroeste,2025-11-24 15:00:00,1.419,25.0,65.0,49.0,25.0,5.0,completo
suroeste,2025-11-24 16:00:00,1.306,21.0,58.0,43.0,24.0,5.0,completo
suroeste,2025-11-24 17:00:00,1.221,24.0,54.0,38.0,23.0,5.0,completo
suroeste,2025-11-24 20:00:00,1.188,20.0,28.0,30.0,22.0,6.0,completo
suroeste,2025-11-24 21:00:00,1.134,20.0,21.0,27.0,19.0,6.0,completo
suroeste,2025-11-25 06:00:00,0.936,10.0,19.0,19.0,14.0,4.0,completo
suroeste,2025-11-25 07:00:00,0.901,14.0,12.0,17.0,12.0,4.0,completo
suroeste,2025-11-25 08:00:00,0.931,20.0,7.0,19.0,14.0,4.0,completo
suroeste,2025-11-25 09:00:00,0.983,21.0,10.0,22.0,14.0,5.0,completo
suroeste,2025-11-25 10:00:00,1.029,17.0,19.0,22.0,10.0,5.0,completo
suroeste,2025-11-25 11:00:00,1.071,16.0,26.0,25.0,9.0,4.0,completo
suroeste,2025-11-25 12:00:00,1.089,13.0,35.0,26.0,11.0,4.0,completo
suroeste2,2025-11-17 17:00:00,0.917,10.0,93.0,52.0,21.0,5.0,completo
suroeste2,2025-11-17 20:00:00,0.994,13.0,63.0,21.0,,4.0,incompleto
suroeste2,2025-11-18 10:00:00,,25.0,28.0,68.0,30.0,7.0,incompleto
suroeste2,2025-11-18 16:00:00,0.603,27.0,74.0,88.0,35.0,9.0,completo
suroeste2,2025-11-18 17:00:00,0.678,31.0,82.0,75.0,33.0,8.0,completo
suroeste2,2025-11-18 20:00:00,0.806,16.0,62.0,41.0,34.0,4.0,completo
suroeste2,2025-11-19 10:00:00,,29.0,20.0,59.0,28.0,5.0,incompleto
suroeste2,2025-11-19 13:00:00,,24.0,33.0,74.0,37.0,4.0,incompleto
suroeste2,2025-11-19 14:00:00,0.302,25.0,43.0,70.0,39.0,4.0,completo
suroeste2,2025-11-19 20:00:00,0.43,9.0,31.0,31.0,23.0,3.0,completo
suroeste2,2025-11-20 13:00:00,,19.0,30.0,44.0,26.0,4.0,incompleto
suroeste2,2025-11-20 20:00:00,0.331,20.0,20.0,31.0,22.0,3.0,completo
suroeste2,2025-11-21 06:00:00,,10.0,27.0,34.0,28.0,2.0,incompleto
suroeste2,2025-11-21 11:00:00,0.247,28.0,32.0,64.0,19.0,3.0,completo
suroeste2,2025-11-21 13:00:00,0.322,30.0,61.0,83.0,23.0,5.0,completo
suroeste2,2025-11-21 14:00:00,0.41,17.0,72.0,82.0,23.0,4.0,completo
suroeste2,2025-11-21 15:00:00,0.479,13.0,64.0,71.0,20.0,4.0,completo
suroeste2,2025-11-21 16:00:00,0.544,13.0,71.0,62.0,16.0,4.0,completo
suroeste2,2025-11-21 17:00:00,0.591,12.0,66.0,46.0,20.0,4.0,completo
suroeste2,2025-11-21 20:00:00,0.664,9.0,39.0,27.0,23.0,4.0,completo
suroeste2,2025-11-21 21:00:00,0.621,10.0,33.0,26.0,23.0,4.0,completo
suroeste2,2025-11-22 06:00:00,,19.0,17.0,25.0,22.0,4.0,incompleto
suroeste2,2025-11-22 07:00:00,,15.0,25.0,27.0,23.0,4.0,incompleto
suroeste2,2025-11-22 08:00:00,,20.0,17.0,30.0,22.0,4.0,incompleto
suroeste2,2025-11-22 09:00:00,,20.0,17.0,32.0,21.0,4.0,incompleto
suroeste2,2025-11-22 10:00:00,,19.0,21.0,36.0,21.0,4.0,incompleto
suroeste2,2025-11-22 11:00:00,,21.0,19.0,40.0,20.0,4.0,incompleto
suroeste2,2025-11-22 12:00:00,,21.0,20.0,46.0,20.0,4.0,incompleto
suroeste2,2025-11-22 13:00:00,,22.0,24.0,50.0,22.0,6.0,incompleto
suroeste2,2025-11-22 14:00:00,0.21,25.0,24.0,57.0,23.0,8.0,completo
suroeste2,2025-11-22 15:00:00,0.21,19.0,31.0,58.0,26.0,5.0,completo
suroeste2,2025-11-22 16:00:00,0.21,13.0,33.0,52.0,29.0,4.0,completo
suroeste2,2025-11-22 17:00:00,,9.0,34.0,43.0,31.0,3.0,incompleto
suroeste2,2025-11-22 20:00:00,,16.0,22.0,33.0,,3.0,incompleto
suroeste2,2025-11-22 21:00:00,,19.0,18.0,35.0,29.0,4.0,incompleto
suroeste2,2025-11-23 06:00:00,,14.0,9.0,32.0,27.0,3.0,incompleto
suroeste2,2025-11-23 07:00:00,,14.0,8.0,31.0,26.0,3.0,incompleto
suroeste2,2025-11-23 08:00:00,,12.0,10.0,31.0,26.0,3.0,incompleto
suroeste2,2025-11-23 09:00:00,,14.0,11.0,32.0,,3.0,incompleto
suroeste2,2025-11-23 10:00:00,,13.0,14.0,32.0,,4.0,incompleto
suroeste2,2025-11-23 11:00:00,,15.0,14.0,32.0,22.0,5.0,incompleto
suroeste2,2025-11-23 12:00:00,,14.0,22.0,32.0,25.0,5.0,incompleto
suroeste2,2025-11-23 13:00:00,,11.0,29.0,32.0,26.0,4.0,incompleto
suroeste2,2025-11-23 14:00:00,,8.0,31.0,30.0,23.0,4.0,incompleto
suroeste2,2025-11-23 15:00:00,,4.0,36.0,28.0,23.0,3.0,incompleto
suroeste2,2025-11-23 16:00:00,,4.0,38.0,31.0,21.0,3.0,incompleto
suroeste2,2025-11-23 17:00:00,0.297,3.0,37.0,32.0,19.0,3.0,completo
suroeste2,2025-11-23 20:00:00,0.296,8.0,25.0,20.0,19.0,2.0,completo
suroeste2,2025-11-23 21:00:00,0.275,9.0,19.0,19.0,,2.0,incompleto
suroeste2,2025-11-24 06:00:00,,12.0,8.0,24.0,15.0,2.0,incompleto
suroeste2,2025-11-24 07:00:00,,11.0,8.0,24.0,16.0,2.0,incompleto
suroeste2,2025-11-24 08:00:00,,11.0,9.0,27.0,16.0,2.0,incompleto
suroeste2,2025-11-24 09:00:00,,17.0,11.0,38.0,22.0,3.0,incompleto
suroeste2,2025-11-24 10:00:00,,17.0,16.0,59.0,22.0,3.0,incompleto
suroeste2,2025-11-24 11:00:00,,22.0,19.0,62.0,22.0,4.0,incompleto
suroeste2,2025-11-24 12:00:00,,30.0,26.0,63.0,26.0,4.0,incompleto
suroeste2,2025-11-24 13:00:00,,39.0,35.0,66.0,24.0,6.0,incompleto
suroeste2,2025-11-24 14:00:00,0.29,28.0,55.0,71.0,27.0,6.0,completo
suroeste2,2025-11-24 15:00:00,0.353,22.0,67.0,70.0,23.0,5.0,completo
suroeste2,2025-11-24 16:00:00,0.395,18.0,63.0,64.0,21.0,5.0,completo
suroeste2,2025-11-24 17:00:00,0.482,17.0,71.0,53.0,21.0,5.0,completo
suroeste2,2025-11-24 20:00:00,0.61,18.0,29.0,30.0,21.0,6.0,completo
suroeste2,2025-11-24 21:00:00,0.575,22.0,12.0,29.0,21.0,4.0,completo
suroeste2,2025-11-25 06:00:00,0.133,7.0,28.0,23.0,14.0,4.0,completo
suroeste2,2025-11-25 07:00:00,0.131,18.0,14.0,23.0,14.0,4.0,completo
suroeste2,2025-11-25 08:00:00,0.131,22.0,11.0,25.0,16.0,4.0,completo
suroeste2,2025-11-25 09:00:00,0.14,22.0,13.0,27.0,16.0,4.0,completo
suroeste2,2025-11-25 10:00:00,0.153,22.0,17.0,33.0,15.0,4.0,completo
suroeste2,2025-11-25 11:00:00,0.169,18.0,26.0,41.0,15.0,4.0,completo
suroeste2,2025-11-25 12:00:00,0.207,13.0,37.0,49.0,16.0,4.0,completo
