Estacion,Date,CO8m,NO2m,O3m,PM10_12,PM25_12,SO2_1,estatus
centro,2026-10-03 12:00:00,1.739,14.0,30.0,15.0,5.0,2.0,completo
este,2026-10-03 12:00:00,0.491,6.0,25.0,10.0,2.0,7.0,completo
noreste,2026-10-03 12:00:00,1.318,8.0,37.0,12.0,2.0,6.0,completo
noreste2,2026-10-03 12:00:00,1.128,5.0,33.0,6.0,4.0,3.0,completo
noroeste,2026-10-03 12:00:00,0.996,7.0,35.0,4.0,3.0,4.0,completo
noroeste2,2026-10-03 12:00:00,0.621,5.0,32.0,2.0,,5.0,incompleto
noroeste3,2026-10-03 12:00:00,0.792,8.0,31.0,8.0,3.0,4.0,completo
norte,2026-10-03 12:00:00,0.619,4.0,37.0,11.0,3.0,4.0,completo
norte2,2026-10-03 12:00:00,0.816,16.0,26.0,9.0,6.0,3.0,completo
sur,2026-10-03 12:00:00,0.523,15.0,34.0,7.0,,3.0,incompleto
sureste,2026-10-03 12:00:00,1.002,18.0,26.0,8.0,,2.0,incompleto
sureste2,2026-10-03 12:00:00,0.739,9.0,25.0,8.0,,1.0,incompleto
sureste3,2026-10-03 12:00:00,0.578,,25.0,8.0,2.0,,incompleto
suroeste,2026-10-03 12:00:00,0.934,2.0,33.0,5.0,,3.0,incompleto
suroeste2,2026-10-03 12:00:00,,,28.0,9.0,2.0,,incompleto
